Strategy;System;Problem;Domain;Accuracy
1-shot;DaVinci;addPunctuation-1;dates;0.6
1-shot;DaVinci;addPunctuation-2;dates;0.4
1-shot;DaVinci;changeFormat-1;dates;0.4
1-shot;DaVinci;changeFormat-2;dates;0
1-shot;DaVinci;changeFormat-3;dates;0.2
1-shot;DaVinci;changeFormat-4;dates;0.2
1-shot;DaVinci;changePunctuation-1;dates;1
1-shot;DaVinci;changePunctuation-2;dates;1
1-shot;DaVinci;getDay-1;dates;0.2
1-shot;DaVinci;getDay-2;dates;0
1-shot;DaVinci;getDay-3;dates;1
1-shot;DaVinci;getDayOrdinal-1;dates;0
1-shot;DaVinci;getDayOrdinal-2;dates;0
1-shot;DaVinci;getMonthName-1;dates;0.8
1-shot;DaVinci;getMonthName-2;dates;0.6
1-shot;DaVinci;getWeekDay-1;dates;1
1-shot;DaVinci;getWeekDay-2;dates;1
1-shot;DaVinci;reduceMonthName-1;dates;0.2
1-shot;DaVinci;reduceMonthName-2;dates;0
1-shot;DaVinci;setFormat-1;dates;0
1-shot;DaVinci;setFormat-2;dates;0
1-shot;DaVinci;generate-1;emails;1
1-shot;DaVinci;generate-2;emails;0.8
1-shot;DaVinci;generate-3;emails;0.6
1-shot;DaVinci;getAfterAt-2;emails;0.8
1-shot;DaVinci;getAfterAt-3;emails;1
1-shot;DaVinci;getAfterAt-4;emails;1
1-shot;DaVinci;getDomain-1;emails;1
1-shot;DaVinci;getDomain-2;emails;1
1-shot;DaVinci;someBeforeAt-NA;emails;0.8
1-shot;DaVinci;afterSymbol-1;freetext;0.8
1-shot;DaVinci;afterSymbol-2;freetext;0.4
1-shot;DaVinci;betweenSymbols-1;freetext;1
1-shot;DaVinci;betweenSymbols-2;freetext;1
1-shot;DaVinci;brackets-1;freetext;0.8
1-shot;DaVinci;brackets-2;freetext;0.6
1-shot;DaVinci;deletePunctuation-1;freetext;0.6
1-shot;DaVinci;deletePunctuation-2;freetext;0.4
1-shot;DaVinci;deletePunctuation-3;freetext;0
1-shot;DaVinci;deletePunctuation-4;freetext;0.6
1-shot;DaVinci;deleteSpaces-2;freetext;0.4
1-shot;DaVinci;digitToEnd-1;freetext;1
1-shot;DaVinci;firstCharacter-1;freetext;0.6
1-shot;DaVinci;firstCharacter-2;freetext;0.2
1-shot;DaVinci;getAfterComma-1;freetext;1
1-shot;DaVinci;getAfterComma-2;freetext;1
1-shot;DaVinci;getBetweenCommas-1;freetext;0.8
1-shot;DaVinci;getCaps-1;freetext;0.8
1-shot;DaVinci;getCaps-2;freetext;0.8
1-shot;DaVinci;getCaps-3;freetext;0.8
1-shot;DaVinci;toUpper-1;freetext;0.2
1-shot;DaVinci;toUpper-2;freetext;0
1-shot;DaVinci;addTitle-1;names;0.6
1-shot;DaVinci;addTitle-2;names;0.4
1-shot;DaVinci;getTitle-1;names;0.2
1-shot;DaVinci;getTitle-2;names;1
1-shot;DaVinci;login-1;names;0
1-shot;DaVinci;login-2;names;0
1-shot;DaVinci;reduceName-1;names;0.8
1-shot;DaVinci;reduceName-2;names;1
1-shot;DaVinci;reduceName-3;names;1
1-shot;DaVinci;reduceName-5;names;0.8
1-shot;DaVinci;reduceName-6;names;0.6
1-shot;DaVinci;reduceName-8;names;0.2
1-shot;DaVinci;reduceName-9;names;0.6
1-shot;DaVinci;countryPrefix-1;phones;1
1-shot;DaVinci;countryPrefix-2;phones;0.6
1-shot;DaVinci;countryPrefix-3;phones;0.4
1-shot;DaVinci;countryPrefix-7;phones;0
1-shot;DaVinci;countryPrefix-8;phones;1
1-shot;DaVinci;countryPrefix-9;phones;1
1-shot;DaVinci;deleteParentheses-1;phones;1
1-shot;DaVinci;deleteParentheses-2;phones;1
1-shot;DaVinci;getNumber-1;phones;0.8
1-shot;DaVinci;getNumber-2;phones;0.2
1-shot;DaVinci;setPrefix-1;phones;0.2
1-shot;DaVinci;setPrefix-2;phones;0.8
1-shot;DaVinci;setPrefix-3;phones;1
1-shot;DaVinci;setPrefix-4;phones;0.8
1-shot;DaVinci;setPrefix-5;phones;0.2
1-shot;DaVinci;setPrefix-6;phones;0
1-shot;DaVinci;setPunctuation-1;phones;0.6
1-shot;DaVinci;setPunctuation-2;phones;0.8
1-shot;DaVinci;addTime-1;times;0.2
1-shot;DaVinci;addTime-2;times;0.8
1-shot;DaVinci;appendTime-1;times;0.2
1-shot;DaVinci;appendTime-2;times;0.8
1-shot;DaVinci;appendTime-3;times;0.8
1-shot;DaVinci;appendTime-4;times;0.8
1-shot;DaVinci;convert-1;times;0.2
1-shot;DaVinci;convert-10;times;0
1-shot;DaVinci;convert-2;times;0
1-shot;DaVinci;convert-3;times;0.2
1-shot;DaVinci;convert-4;times;0
1-shot;DaVinci;convert-5;times;0.2
1-shot;DaVinci;convert-6;times;0
1-shot;DaVinci;convert-7;times;0
1-shot;DaVinci;convert-8;times;0
1-shot;DaVinci;convert-9;times;0
1-shot;DaVinci;deleteTime-1;times;0
1-shot;DaVinci;deleteTime-2;times;0.2
1-shot;DaVinci;getHour-1;times;0.2
1-shot;DaVinci;getHour-2;times;0.2
1-shot;DaVinci;getMinutes-1;times;0.6
1-shot;DaVinci;getMinutes-2;times;0.2
1-shot;DaVinci;getTime-1;times;1
1-shot;DaVinci;getTime-2;times;1
1-shot;DaVinci;convert-1;units;0
1-shot;DaVinci;convert-2;units;0
1-shot;DaVinci;convert-3;units;0
1-shot;DaVinci;convert-4;units;0
1-shot;DaVinci;getSystem-1;units;0
1-shot;DaVinci;getSystem-2;units;0
1-shot;DaVinci;getUnits-1;units;0.6
1-shot;DaVinci;getUnits-2;units;0.8
1-shot;DaVinci;getValue-1;units;0.6
1-shot;DaVinci;getValue-2;units;0
2-shot;DaVinci;addPunctuation-1;dates;1
2-shot;DaVinci;addPunctuation-2;dates;0.5
2-shot;DaVinci;changeFormat-1;dates;0.75
2-shot;DaVinci;changeFormat-2;dates;0
2-shot;DaVinci;changeFormat-3;dates;0
2-shot;DaVinci;changeFormat-4;dates;0.25
2-shot;DaVinci;changePunctuation-1;dates;0.75
2-shot;DaVinci;changePunctuation-2;dates;1
2-shot;DaVinci;getDay-1;dates;0.25
2-shot;DaVinci;getDay-2;dates;1
2-shot;DaVinci;getDay-3;dates;1
2-shot;DaVinci;getDayOrdinal-1;dates;0
2-shot;DaVinci;getDayOrdinal-2;dates;0.75
2-shot;DaVinci;getMonthName-1;dates;0.75
2-shot;DaVinci;getMonthName-2;dates;1
2-shot;DaVinci;getWeekDay-1;dates;1
2-shot;DaVinci;getWeekDay-2;dates;1
2-shot;DaVinci;reduceMonthName-1;dates;0.75
2-shot;DaVinci;reduceMonthName-2;dates;0.25
2-shot;DaVinci;setFormat-1;dates;0
2-shot;DaVinci;setFormat-2;dates;0
2-shot;DaVinci;generate-1;emails;1
2-shot;DaVinci;generate-2;emails;1
2-shot;DaVinci;generate-3;emails;1
2-shot;DaVinci;getAfterAt-2;emails;1
2-shot;DaVinci;getAfterAt-3;emails;1
2-shot;DaVinci;getAfterAt-4;emails;1
2-shot;DaVinci;getDomain-1;emails;1
2-shot;DaVinci;getDomain-2;emails;1
2-shot;DaVinci;someBeforeAt-NA;emails;0.5
2-shot;DaVinci;afterSymbol-1;freetext;1
2-shot;DaVinci;afterSymbol-2;freetext;1
2-shot;DaVinci;betweenSymbols-1;freetext;1
2-shot;DaVinci;betweenSymbols-2;freetext;1
2-shot;DaVinci;brackets-1;freetext;0.75
2-shot;DaVinci;brackets-2;freetext;0.25
2-shot;DaVinci;deletePunctuation-1;freetext;0.5
2-shot;DaVinci;deletePunctuation-2;freetext;0.25
2-shot;DaVinci;deletePunctuation-3;freetext;0.5
2-shot;DaVinci;deletePunctuation-4;freetext;0.5
2-shot;DaVinci;deleteSpaces-2;freetext;0.5
2-shot;DaVinci;digitToEnd-1;freetext;1
2-shot;DaVinci;firstCharacter-1;freetext;0.75
2-shot;DaVinci;firstCharacter-2;freetext;0.75
2-shot;DaVinci;getAfterComma-1;freetext;1
2-shot;DaVinci;getAfterComma-2;freetext;1
2-shot;DaVinci;getBetweenCommas-1;freetext;0.75
2-shot;DaVinci;getCaps-1;freetext;0.75
2-shot;DaVinci;getCaps-2;freetext;1
2-shot;DaVinci;getCaps-3;freetext;1
2-shot;DaVinci;toUpper-1;freetext;0.5
2-shot;DaVinci;toUpper-2;freetext;0.25
2-shot;DaVinci;addTitle-1;names;0.75
2-shot;DaVinci;addTitle-2;names;0
2-shot;DaVinci;getTitle-1;names;0.75
2-shot;DaVinci;getTitle-2;names;1
2-shot;DaVinci;login-1;names;0
2-shot;DaVinci;login-2;names;0
2-shot;DaVinci;reduceName-1;names;0.75
2-shot;DaVinci;reduceName-2;names;1
2-shot;DaVinci;reduceName-3;names;1
2-shot;DaVinci;reduceName-5;names;0.5
2-shot;DaVinci;reduceName-6;names;0.5
2-shot;DaVinci;reduceName-8;names;1
2-shot;DaVinci;reduceName-9;names;1
2-shot;DaVinci;countryPrefix-1;phones;1
2-shot;DaVinci;countryPrefix-2;phones;1
2-shot;DaVinci;countryPrefix-3;phones;0.5
2-shot;DaVinci;countryPrefix-7;phones;0
2-shot;DaVinci;countryPrefix-8;phones;1
2-shot;DaVinci;countryPrefix-9;phones;1
2-shot;DaVinci;deleteParentheses-1;phones;1
2-shot;DaVinci;deleteParentheses-2;phones;1
2-shot;DaVinci;getNumber-1;phones;0.75
2-shot;DaVinci;getNumber-2;phones;0.25
2-shot;DaVinci;setPrefix-1;phones;0
2-shot;DaVinci;setPrefix-2;phones;1
2-shot;DaVinci;setPrefix-3;phones;1
2-shot;DaVinci;setPrefix-4;phones;1
2-shot;DaVinci;setPrefix-5;phones;0
2-shot;DaVinci;setPrefix-6;phones;1
2-shot;DaVinci;setPunctuation-1;phones;0.75
2-shot;DaVinci;setPunctuation-2;phones;1
2-shot;DaVinci;addTime-1;times;0
2-shot;DaVinci;addTime-2;times;0.5
2-shot;DaVinci;appendTime-1;times;0.25
2-shot;DaVinci;appendTime-2;times;1
2-shot;DaVinci;appendTime-3;times;0.75
2-shot;DaVinci;appendTime-4;times;1
2-shot;DaVinci;convert-1;times;0.5
2-shot;DaVinci;convert-10;times;0
2-shot;DaVinci;convert-2;times;0.5
2-shot;DaVinci;convert-3;times;0.5
2-shot;DaVinci;convert-4;times;0
2-shot;DaVinci;convert-5;times;0.5
2-shot;DaVinci;convert-6;times;0.25
2-shot;DaVinci;convert-7;times;0
2-shot;DaVinci;convert-8;times;0
2-shot;DaVinci;convert-9;times;0
2-shot;DaVinci;deleteTime-1;times;0.5
2-shot;DaVinci;deleteTime-2;times;0
2-shot;DaVinci;getHour-1;times;0
2-shot;DaVinci;getHour-2;times;1
2-shot;DaVinci;getMinutes-1;times;0.75
2-shot;DaVinci;getMinutes-2;times;0.75
2-shot;DaVinci;getTime-1;times;1
2-shot;DaVinci;getTime-2;times;0.75
2-shot;DaVinci;convert-1;units;0
2-shot;DaVinci;convert-2;units;0.25
2-shot;DaVinci;convert-3;units;0
2-shot;DaVinci;convert-4;units;0.25
2-shot;DaVinci;getSystem-1;units;0.5
2-shot;DaVinci;getSystem-2;units;0.5
2-shot;DaVinci;getUnits-1;units;0.75
2-shot;DaVinci;getUnits-2;units;1
2-shot;DaVinci;getValue-1;units;0.75
2-shot;DaVinci;getValue-2;units;1
3-shot;DaVinci;addPunctuation-1;dates;1
3-shot;DaVinci;addPunctuation-2;dates;0.666666667
3-shot;DaVinci;changeFormat-1;dates;0.666666667
3-shot;DaVinci;changeFormat-2;dates;0
3-shot;DaVinci;changeFormat-3;dates;0
3-shot;DaVinci;changeFormat-4;dates;0.333333333
3-shot;DaVinci;changePunctuation-1;dates;1
3-shot;DaVinci;changePunctuation-2;dates;1
3-shot;DaVinci;getDay-1;dates;0
3-shot;DaVinci;getDay-2;dates;1
3-shot;DaVinci;getDay-3;dates;1
3-shot;DaVinci;getDayOrdinal-1;dates;0
3-shot;DaVinci;getDayOrdinal-2;dates;0
3-shot;DaVinci;getMonthName-1;dates;0.666666667
3-shot;DaVinci;getMonthName-2;dates;1
3-shot;DaVinci;getWeekDay-1;dates;1
3-shot;DaVinci;getWeekDay-2;dates;1
3-shot;DaVinci;reduceMonthName-1;dates;1
3-shot;DaVinci;reduceMonthName-2;dates;0.333333333
3-shot;DaVinci;setFormat-1;dates;0
3-shot;DaVinci;setFormat-2;dates;0
3-shot;DaVinci;generate-1;emails;1
3-shot;DaVinci;generate-2;emails;1
3-shot;DaVinci;generate-3;emails;0.666666667
3-shot;DaVinci;getAfterAt-2;emails;0.666666667
3-shot;DaVinci;getAfterAt-3;emails;1
3-shot;DaVinci;getAfterAt-4;emails;1
3-shot;DaVinci;getDomain-1;emails;1
3-shot;DaVinci;getDomain-2;emails;1
3-shot;DaVinci;someBeforeAt-NA;emails;1
3-shot;DaVinci;afterSymbol-1;freetext;1
3-shot;DaVinci;afterSymbol-2;freetext;1
3-shot;DaVinci;betweenSymbols-1;freetext;1
3-shot;DaVinci;betweenSymbols-2;freetext;1
3-shot;DaVinci;brackets-1;freetext;0.666666667
3-shot;DaVinci;brackets-2;freetext;0.666666667
3-shot;DaVinci;deletePunctuation-1;freetext;0.333333333
3-shot;DaVinci;deletePunctuation-2;freetext;0
3-shot;DaVinci;deletePunctuation-3;freetext;0.333333333
3-shot;DaVinci;deletePunctuation-4;freetext;0.333333333
3-shot;DaVinci;deleteSpaces-2;freetext;0.666666667
3-shot;DaVinci;digitToEnd-1;freetext;1
3-shot;DaVinci;firstCharacter-1;freetext;0.666666667
3-shot;DaVinci;firstCharacter-2;freetext;0.666666667
3-shot;DaVinci;getAfterComma-1;freetext;1
3-shot;DaVinci;getAfterComma-2;freetext;1
3-shot;DaVinci;getBetweenCommas-1;freetext;1
3-shot;DaVinci;getCaps-1;freetext;0.666666667
3-shot;DaVinci;getCaps-2;freetext;1
3-shot;DaVinci;getCaps-3;freetext;1
3-shot;DaVinci;toUpper-1;freetext;0.333333333
3-shot;DaVinci;toUpper-2;freetext;1
3-shot;DaVinci;addTitle-1;names;0.333333333
3-shot;DaVinci;addTitle-2;names;0.333333333
3-shot;DaVinci;getTitle-1;names;0.666666667
3-shot;DaVinci;getTitle-2;names;1
3-shot;DaVinci;login-1;names;0
3-shot;DaVinci;login-2;names;0
3-shot;DaVinci;reduceName-1;names;1
3-shot;DaVinci;reduceName-2;names;1
3-shot;DaVinci;reduceName-3;names;1
3-shot;DaVinci;reduceName-5;names;0.666666667
3-shot;DaVinci;reduceName-6;names;0.333333333
3-shot;DaVinci;reduceName-8;names;0.333333333
3-shot;DaVinci;reduceName-9;names;1
3-shot;DaVinci;countryPrefix-1;phones;1
3-shot;DaVinci;countryPrefix-2;phones;1
3-shot;DaVinci;countryPrefix-3;phones;0.333333333
3-shot;DaVinci;countryPrefix-7;phones;0
3-shot;DaVinci;countryPrefix-8;phones;1
3-shot;DaVinci;countryPrefix-9;phones;1
3-shot;DaVinci;deleteParentheses-1;phones;1
3-shot;DaVinci;deleteParentheses-2;phones;1
3-shot;DaVinci;getNumber-1;phones;1
3-shot;DaVinci;getNumber-2;phones;0
3-shot;DaVinci;setPrefix-1;phones;0
3-shot;DaVinci;setPrefix-2;phones;1
3-shot;DaVinci;setPrefix-3;phones;1
3-shot;DaVinci;setPrefix-4;phones;1
3-shot;DaVinci;setPrefix-5;phones;0
3-shot;DaVinci;setPrefix-6;phones;1
3-shot;DaVinci;setPunctuation-1;phones;1
3-shot;DaVinci;setPunctuation-2;phones;1
3-shot;DaVinci;addTime-1;times;0
3-shot;DaVinci;addTime-2;times;0.666666667
3-shot;DaVinci;appendTime-1;times;0.666666667
3-shot;DaVinci;appendTime-2;times;1
3-shot;DaVinci;appendTime-3;times;0.666666667
3-shot;DaVinci;appendTime-4;times;1
3-shot;DaVinci;convert-1;times;0.333333333
3-shot;DaVinci;convert-10;times;0
3-shot;DaVinci;convert-2;times;0.666666667
3-shot;DaVinci;convert-3;times;0.333333333
3-shot;DaVinci;convert-4;times;0
3-shot;DaVinci;convert-5;times;0.333333333
3-shot;DaVinci;convert-6;times;0
3-shot;DaVinci;convert-7;times;0.333333333
3-shot;DaVinci;convert-8;times;0
3-shot;DaVinci;convert-9;times;0.333333333
3-shot;DaVinci;deleteTime-1;times;0.666666667
3-shot;DaVinci;deleteTime-2;times;0
3-shot;DaVinci;getHour-1;times;0
3-shot;DaVinci;getHour-2;times;1
3-shot;DaVinci;getMinutes-1;times;0.666666667
3-shot;DaVinci;getMinutes-2;times;0
3-shot;DaVinci;getTime-1;times;1
3-shot;DaVinci;getTime-2;times;1
3-shot;DaVinci;convert-1;units;0
3-shot;DaVinci;convert-2;units;0.666666667
3-shot;DaVinci;convert-3;units;0
3-shot;DaVinci;convert-4;units;0.333333333
3-shot;DaVinci;getSystem-1;units;0.666666667
3-shot;DaVinci;getSystem-2;units;0.666666667
3-shot;DaVinci;getUnits-1;units;1
3-shot;DaVinci;getUnits-2;units;1
3-shot;DaVinci;getValue-1;units;0.666666667
3-shot;DaVinci;getValue-2;units;1
4-shot;DaVinci;addPunctuation-1;dates;1
4-shot;DaVinci;addPunctuation-2;dates;1
4-shot;DaVinci;changeFormat-1;dates;0.5
4-shot;DaVinci;changeFormat-2;dates;0.5
4-shot;DaVinci;changeFormat-3;dates;0
4-shot;DaVinci;changeFormat-4;dates;0.5
4-shot;DaVinci;changePunctuation-1;dates;1
4-shot;DaVinci;changePunctuation-2;dates;1
4-shot;DaVinci;getDay-1;dates;0
4-shot;DaVinci;getDay-2;dates;1
4-shot;DaVinci;getDay-3;dates;1
4-shot;DaVinci;getDayOrdinal-1;dates;0
4-shot;DaVinci;getDayOrdinal-2;dates;0.5
4-shot;DaVinci;getMonthName-1;dates;0.5
4-shot;DaVinci;getMonthName-2;dates;1
4-shot;DaVinci;getWeekDay-1;dates;1
4-shot;DaVinci;getWeekDay-2;dates;1
4-shot;DaVinci;reduceMonthName-1;dates;1
4-shot;DaVinci;reduceMonthName-2;dates;0.5
4-shot;DaVinci;setFormat-1;dates;0
4-shot;DaVinci;setFormat-2;dates;0
4-shot;DaVinci;generate-1;emails;1
4-shot;DaVinci;generate-2;emails;1
4-shot;DaVinci;generate-3;emails;0.5
4-shot;DaVinci;getAfterAt-2;emails;0.5
4-shot;DaVinci;getAfterAt-3;emails;1
4-shot;DaVinci;getAfterAt-4;emails;1
4-shot;DaVinci;getDomain-1;emails;1
4-shot;DaVinci;getDomain-2;emails;1
4-shot;DaVinci;someBeforeAt-NA;emails;1
4-shot;DaVinci;afterSymbol-1;freetext;1
4-shot;DaVinci;afterSymbol-2;freetext;1
4-shot;DaVinci;betweenSymbols-1;freetext;1
4-shot;DaVinci;betweenSymbols-2;freetext;1
4-shot;DaVinci;brackets-1;freetext;1
4-shot;DaVinci;brackets-2;freetext;1
4-shot;DaVinci;deletePunctuation-1;freetext;0
4-shot;DaVinci;deletePunctuation-2;freetext;0
4-shot;DaVinci;deletePunctuation-3;freetext;0
4-shot;DaVinci;deletePunctuation-4;freetext;0
4-shot;DaVinci;deleteSpaces-2;freetext;0
4-shot;DaVinci;digitToEnd-1;freetext;1
4-shot;DaVinci;firstCharacter-1;freetext;1
4-shot;DaVinci;firstCharacter-2;freetext;0.5
4-shot;DaVinci;getAfterComma-1;freetext;1
4-shot;DaVinci;getAfterComma-2;freetext;1
4-shot;DaVinci;getBetweenCommas-1;freetext;1
4-shot;DaVinci;getCaps-1;freetext;1
4-shot;DaVinci;getCaps-2;freetext;0.5
4-shot;DaVinci;getCaps-3;freetext;1
4-shot;DaVinci;toUpper-1;freetext;0.5
4-shot;DaVinci;toUpper-2;freetext;1
4-shot;DaVinci;addTitle-1;names;1
4-shot;DaVinci;addTitle-2;names;0.5
4-shot;DaVinci;getTitle-1;names;1
4-shot;DaVinci;getTitle-2;names;1
4-shot;DaVinci;login-1;names;0
4-shot;DaVinci;login-2;names;0
4-shot;DaVinci;reduceName-1;names;1
4-shot;DaVinci;reduceName-2;names;1
4-shot;DaVinci;reduceName-3;names;1
4-shot;DaVinci;reduceName-5;names;0.5
4-shot;DaVinci;reduceName-6;names;1
4-shot;DaVinci;reduceName-8;names;1
4-shot;DaVinci;reduceName-9;names;1
4-shot;DaVinci;countryPrefix-1;phones;1
4-shot;DaVinci;countryPrefix-2;phones;1
4-shot;DaVinci;countryPrefix-3;phones;0.5
4-shot;DaVinci;countryPrefix-7;phones;0
4-shot;DaVinci;countryPrefix-8;phones;1
4-shot;DaVinci;countryPrefix-9;phones;1
4-shot;DaVinci;deleteParentheses-1;phones;1
4-shot;DaVinci;deleteParentheses-2;phones;1
4-shot;DaVinci;getNumber-1;phones;1
4-shot;DaVinci;getNumber-2;phones;0.5
4-shot;DaVinci;setPrefix-1;phones;0
4-shot;DaVinci;setPrefix-2;phones;1
4-shot;DaVinci;setPrefix-3;phones;1
4-shot;DaVinci;setPrefix-4;phones;1
4-shot;DaVinci;setPrefix-5;phones;0
4-shot;DaVinci;setPrefix-6;phones;1
4-shot;DaVinci;setPunctuation-1;phones;1
4-shot;DaVinci;setPunctuation-2;phones;1
4-shot;DaVinci;addTime-1;times;0
4-shot;DaVinci;addTime-2;times;0.5
4-shot;DaVinci;appendTime-1;times;0.5
4-shot;DaVinci;appendTime-2;times;1
4-shot;DaVinci;appendTime-3;times;0.5
4-shot;DaVinci;appendTime-4;times;1
4-shot;DaVinci;convert-1;times;0.5
4-shot;DaVinci;convert-10;times;0
4-shot;DaVinci;convert-2;times;1
4-shot;DaVinci;convert-3;times;0
4-shot;DaVinci;convert-4;times;0
4-shot;DaVinci;convert-5;times;0
4-shot;DaVinci;convert-6;times;0.5
4-shot;DaVinci;convert-7;times;0
4-shot;DaVinci;convert-8;times;0
4-shot;DaVinci;convert-9;times;0
4-shot;DaVinci;deleteTime-1;times;0.5
4-shot;DaVinci;deleteTime-2;times;1
4-shot;DaVinci;getHour-1;times;1
4-shot;DaVinci;getHour-2;times;1
4-shot;DaVinci;getMinutes-1;times;1
4-shot;DaVinci;getMinutes-2;times;1
4-shot;DaVinci;getTime-1;times;1
4-shot;DaVinci;getTime-2;times;1
4-shot;DaVinci;convert-1;units;0
4-shot;DaVinci;convert-2;units;0.5
4-shot;DaVinci;convert-3;units;0
4-shot;DaVinci;convert-4;units;0
4-shot;DaVinci;getSystem-1;units;0.5
4-shot;DaVinci;getSystem-2;units;1
4-shot;DaVinci;getUnits-1;units;1
4-shot;DaVinci;getUnits-2;units;1
4-shot;DaVinci;getValue-1;units;0.5
4-shot;DaVinci;getValue-2;units;1
1-shot;Curie;addPunctuation-1;dates;0.6
1-shot;Curie;addPunctuation-2;dates;0.4
1-shot;Curie;changeFormat-1;dates;0
1-shot;Curie;changeFormat-2;dates;0
1-shot;Curie;changeFormat-3;dates;0.4
1-shot;Curie;changeFormat-4;dates;0.2
1-shot;Curie;changePunctuation-1;dates;1
1-shot;Curie;changePunctuation-2;dates;1
1-shot;Curie;getDay-1;dates;0.4
1-shot;Curie;getDay-2;dates;0
1-shot;Curie;getDay-3;dates;0.6
1-shot;Curie;getDayOrdinal-1;dates;0
1-shot;Curie;getDayOrdinal-2;dates;0
1-shot;Curie;getMonthName-1;dates;0.4
1-shot;Curie;getMonthName-2;dates;1
1-shot;Curie;getWeekDay-1;dates;0.4
1-shot;Curie;getWeekDay-2;dates;0.4
1-shot;Curie;reduceMonthName-1;dates;0.4
1-shot;Curie;reduceMonthName-2;dates;0
1-shot;Curie;setFormat-1;dates;0
1-shot;Curie;setFormat-2;dates;0
1-shot;Curie;generate-1;emails;1
1-shot;Curie;generate-2;emails;1
1-shot;Curie;generate-3;emails;1
1-shot;Curie;getAfterAt-2;emails;0.8
1-shot;Curie;getAfterAt-3;emails;0.8
1-shot;Curie;getAfterAt-4;emails;1
1-shot;Curie;getDomain-1;emails;1
1-shot;Curie;getDomain-2;emails;0.8
1-shot;Curie;someBeforeAt-NA;emails;0.4
1-shot;Curie;afterSymbol-1;freetext;0.8
1-shot;Curie;afterSymbol-2;freetext;0.8
1-shot;Curie;betweenSymbols-1;freetext;1
1-shot;Curie;betweenSymbols-2;freetext;0.4
1-shot;Curie;brackets-1;freetext;1
1-shot;Curie;brackets-2;freetext;0.8
1-shot;Curie;deletePunctuation-1;freetext;0
1-shot;Curie;deletePunctuation-2;freetext;0.4
1-shot;Curie;deletePunctuation-3;freetext;0
1-shot;Curie;deletePunctuation-4;freetext;0.4
1-shot;Curie;deleteSpaces-2;freetext;0.4
1-shot;Curie;digitToEnd-1;freetext;0.8
1-shot;Curie;firstCharacter-1;freetext;0.4
1-shot;Curie;firstCharacter-2;freetext;0
1-shot;Curie;getAfterComma-1;freetext;0.2
1-shot;Curie;getAfterComma-2;freetext;0.6
1-shot;Curie;getBetweenCommas-1;freetext;1
1-shot;Curie;getCaps-1;freetext;0
1-shot;Curie;getCaps-2;freetext;0.4
1-shot;Curie;getCaps-3;freetext;1
1-shot;Curie;toUpper-1;freetext;0.4
1-shot;Curie;toUpper-2;freetext;0.4
1-shot;Curie;addTitle-1;names;0.4
1-shot;Curie;addTitle-2;names;0.4
1-shot;Curie;getTitle-1;names;0.2
1-shot;Curie;getTitle-2;names;0.4
1-shot;Curie;login-1;names;0
1-shot;Curie;login-2;names;0
1-shot;Curie;reduceName-1;names;0.6
1-shot;Curie;reduceName-2;names;1
1-shot;Curie;reduceName-3;names;1
1-shot;Curie;reduceName-5;names;0.6
1-shot;Curie;reduceName-6;names;0.2
1-shot;Curie;reduceName-8;names;0.4
1-shot;Curie;reduceName-9;names;0.6
1-shot;Curie;countryPrefix-1;phones;0
1-shot;Curie;countryPrefix-2;phones;0
1-shot;Curie;countryPrefix-3;phones;0
1-shot;Curie;countryPrefix-7;phones;0
1-shot;Curie;countryPrefix-8;phones;0.4
1-shot;Curie;countryPrefix-9;phones;0.6
1-shot;Curie;deleteParentheses-1;phones;0.4
1-shot;Curie;deleteParentheses-2;phones;0.2
1-shot;Curie;getNumber-1;phones;0.6
1-shot;Curie;getNumber-2;phones;0.2
1-shot;Curie;setPrefix-1;phones;0.2
1-shot;Curie;setPrefix-2;phones;1
1-shot;Curie;setPrefix-3;phones;0.8
1-shot;Curie;setPrefix-4;phones;1
1-shot;Curie;setPrefix-5;phones;0.2
1-shot;Curie;setPrefix-6;phones;0.2
1-shot;Curie;setPunctuation-1;phones;0.2
1-shot;Curie;setPunctuation-2;phones;0.4
1-shot;Curie;addTime-1;times;0
1-shot;Curie;addTime-2;times;0
1-shot;Curie;appendTime-1;times;0.4
1-shot;Curie;appendTime-2;times;0.8
1-shot;Curie;appendTime-3;times;0.8
1-shot;Curie;appendTime-4;times;0.8
1-shot;Curie;convert-1;times;0.2
1-shot;Curie;convert-10;times;0
1-shot;Curie;convert-2;times;0
1-shot;Curie;convert-3;times;0.2
1-shot;Curie;convert-4;times;0
1-shot;Curie;convert-5;times;0.2
1-shot;Curie;convert-6;times;0
1-shot;Curie;convert-7;times;0
1-shot;Curie;convert-8;times;0
1-shot;Curie;convert-9;times;0
1-shot;Curie;deleteTime-1;times;0.2
1-shot;Curie;deleteTime-2;times;0.2
1-shot;Curie;getHour-1;times;0.2
1-shot;Curie;getHour-2;times;0.2
1-shot;Curie;getMinutes-1;times;0.2
1-shot;Curie;getMinutes-2;times;0.2
1-shot;Curie;getTime-1;times;0.6
1-shot;Curie;getTime-2;times;0.8
1-shot;Curie;convert-1;units;0
1-shot;Curie;convert-2;units;0
1-shot;Curie;convert-3;units;0
1-shot;Curie;convert-4;units;0
1-shot;Curie;getSystem-1;units;0
1-shot;Curie;getSystem-2;units;0
1-shot;Curie;getUnits-1;units;0
1-shot;Curie;getUnits-2;units;0
1-shot;Curie;getValue-1;units;0.2
1-shot;Curie;getValue-2;units;0
2-shot;Curie;addPunctuation-1;dates;1
2-shot;Curie;addPunctuation-2;dates;0.5
2-shot;Curie;changeFormat-1;dates;0
2-shot;Curie;changeFormat-2;dates;0
2-shot;Curie;changeFormat-3;dates;0
2-shot;Curie;changeFormat-4;dates;0.5
2-shot;Curie;changePunctuation-1;dates;1
2-shot;Curie;changePunctuation-2;dates;1
2-shot;Curie;getDay-1;dates;0.25
2-shot;Curie;getDay-2;dates;0.25
2-shot;Curie;getDay-3;dates;0.75
2-shot;Curie;getDayOrdinal-1;dates;0
2-shot;Curie;getDayOrdinal-2;dates;0.75
2-shot;Curie;getMonthName-1;dates;0.5
2-shot;Curie;getMonthName-2;dates;1
2-shot;Curie;getWeekDay-1;dates;1
2-shot;Curie;getWeekDay-2;dates;1
2-shot;Curie;reduceMonthName-1;dates;0.75
2-shot;Curie;reduceMonthName-2;dates;0.25
2-shot;Curie;setFormat-1;dates;0
2-shot;Curie;setFormat-2;dates;0.25
2-shot;Curie;generate-1;emails;1
2-shot;Curie;generate-2;emails;1
2-shot;Curie;generate-3;emails;0.5
2-shot;Curie;getAfterAt-2;emails;1
2-shot;Curie;getAfterAt-3;emails;1
2-shot;Curie;getAfterAt-4;emails;1
2-shot;Curie;getDomain-1;emails;1
2-shot;Curie;getDomain-2;emails;1
2-shot;Curie;someBeforeAt-NA;emails;0
2-shot;Curie;afterSymbol-1;freetext;1
2-shot;Curie;afterSymbol-2;freetext;1
2-shot;Curie;betweenSymbols-1;freetext;1
2-shot;Curie;betweenSymbols-2;freetext;1
2-shot;Curie;brackets-1;freetext;1
2-shot;Curie;brackets-2;freetext;0.75
2-shot;Curie;deletePunctuation-1;freetext;0.25
2-shot;Curie;deletePunctuation-2;freetext;0.25
2-shot;Curie;deletePunctuation-3;freetext;1
2-shot;Curie;deletePunctuation-4;freetext;0.5
2-shot;Curie;deleteSpaces-2;freetext;0.25
2-shot;Curie;digitToEnd-1;freetext;1
2-shot;Curie;firstCharacter-1;freetext;0.75
2-shot;Curie;firstCharacter-2;freetext;0.75
2-shot;Curie;getAfterComma-1;freetext;1
2-shot;Curie;getAfterComma-2;freetext;1
2-shot;Curie;getBetweenCommas-1;freetext;0.75
2-shot;Curie;getCaps-1;freetext;1
2-shot;Curie;getCaps-2;freetext;0.5
2-shot;Curie;getCaps-3;freetext;1
2-shot;Curie;toUpper-1;freetext;0.5
2-shot;Curie;toUpper-2;freetext;0.75
2-shot;Curie;addTitle-1;names;0.75
2-shot;Curie;addTitle-2;names;0.5
2-shot;Curie;getTitle-1;names;0.5
2-shot;Curie;getTitle-2;names;1
2-shot;Curie;login-1;names;0
2-shot;Curie;login-2;names;0
2-shot;Curie;reduceName-1;names;1
2-shot;Curie;reduceName-2;names;1
2-shot;Curie;reduceName-3;names;1
2-shot;Curie;reduceName-5;names;0.75
2-shot;Curie;reduceName-6;names;0.5
2-shot;Curie;reduceName-8;names;0.75
2-shot;Curie;reduceName-9;names;1
2-shot;Curie;countryPrefix-1;phones;0.25
2-shot;Curie;countryPrefix-2;phones;0.25
2-shot;Curie;countryPrefix-3;phones;0
2-shot;Curie;countryPrefix-7;phones;0
2-shot;Curie;countryPrefix-8;phones;0.75
2-shot;Curie;countryPrefix-9;phones;0.5
2-shot;Curie;deleteParentheses-1;phones;0.75
2-shot;Curie;deleteParentheses-2;phones;1
2-shot;Curie;getNumber-1;phones;0.25
2-shot;Curie;getNumber-2;phones;0
2-shot;Curie;setPrefix-1;phones;0
2-shot;Curie;setPrefix-2;phones;1
2-shot;Curie;setPrefix-3;phones;1
2-shot;Curie;setPrefix-4;phones;1
2-shot;Curie;setPrefix-5;phones;0
2-shot;Curie;setPrefix-6;phones;1
2-shot;Curie;setPunctuation-1;phones;0.25
2-shot;Curie;setPunctuation-2;phones;0.75
2-shot;Curie;addTime-1;times;0
2-shot;Curie;addTime-2;times;0.25
2-shot;Curie;appendTime-1;times;0.25
2-shot;Curie;appendTime-2;times;1
2-shot;Curie;appendTime-3;times;0.75
2-shot;Curie;appendTime-4;times;1
2-shot;Curie;convert-1;times;0.5
2-shot;Curie;convert-10;times;0
2-shot;Curie;convert-2;times;0.25
2-shot;Curie;convert-3;times;0.25
2-shot;Curie;convert-4;times;0
2-shot;Curie;convert-5;times;0.5
2-shot;Curie;convert-6;times;0
2-shot;Curie;convert-7;times;0
2-shot;Curie;convert-8;times;0
2-shot;Curie;convert-9;times;0.25
2-shot;Curie;deleteTime-1;times;0.5
2-shot;Curie;deleteTime-2;times;0
2-shot;Curie;getHour-1;times;0
2-shot;Curie;getHour-2;times;1
2-shot;Curie;getMinutes-1;times;0.75
2-shot;Curie;getMinutes-2;times;0.5
2-shot;Curie;getTime-1;times;1
2-shot;Curie;getTime-2;times;1
2-shot;Curie;convert-1;units;0
2-shot;Curie;convert-2;units;0
2-shot;Curie;convert-3;units;0
2-shot;Curie;convert-4;units;0
2-shot;Curie;getSystem-1;units;0.25
2-shot;Curie;getSystem-2;units;0
2-shot;Curie;getUnits-1;units;1
2-shot;Curie;getUnits-2;units;1
2-shot;Curie;getValue-1;units;0.5
2-shot;Curie;getValue-2;units;0.5
3-shot;Curie;addPunctuation-1;dates;1
3-shot;Curie;addPunctuation-2;dates;0.666666667
3-shot;Curie;changeFormat-1;dates;0.666666667
3-shot;Curie;changeFormat-2;dates;0
3-shot;Curie;changeFormat-3;dates;0
3-shot;Curie;changeFormat-4;dates;0.333333333
3-shot;Curie;changePunctuation-1;dates;1
3-shot;Curie;changePunctuation-2;dates;1
3-shot;Curie;getDay-1;dates;0.333333333
3-shot;Curie;getDay-2;dates;1
3-shot;Curie;getDay-3;dates;1
3-shot;Curie;getDayOrdinal-1;dates;0
3-shot;Curie;getDayOrdinal-2;dates;0.333333333
3-shot;Curie;getMonthName-1;dates;0.666666667
3-shot;Curie;getMonthName-2;dates;1
3-shot;Curie;getWeekDay-1;dates;1
3-shot;Curie;getWeekDay-2;dates;1
3-shot;Curie;reduceMonthName-1;dates;0.666666667
3-shot;Curie;reduceMonthName-2;dates;0.333333333
3-shot;Curie;setFormat-1;dates;0
3-shot;Curie;setFormat-2;dates;0
3-shot;Curie;generate-1;emails;1
3-shot;Curie;generate-2;emails;1
3-shot;Curie;generate-3;emails;0.666666667
3-shot;Curie;getAfterAt-2;emails;1
3-shot;Curie;getAfterAt-3;emails;1
3-shot;Curie;getAfterAt-4;emails;1
3-shot;Curie;getDomain-1;emails;1
3-shot;Curie;getDomain-2;emails;1
3-shot;Curie;someBeforeAt-NA;emails;0.333333333
3-shot;Curie;afterSymbol-1;freetext;1
3-shot;Curie;afterSymbol-2;freetext;1
3-shot;Curie;betweenSymbols-1;freetext;1
3-shot;Curie;betweenSymbols-2;freetext;1
3-shot;Curie;brackets-1;freetext;1
3-shot;Curie;brackets-2;freetext;1
3-shot;Curie;deletePunctuation-1;freetext;0.333333333
3-shot;Curie;deletePunctuation-2;freetext;0
3-shot;Curie;deletePunctuation-3;freetext;0.666666667
3-shot;Curie;deletePunctuation-4;freetext;0.333333333
3-shot;Curie;deleteSpaces-2;freetext;0.333333333
3-shot;Curie;digitToEnd-1;freetext;1
3-shot;Curie;firstCharacter-1;freetext;0
3-shot;Curie;firstCharacter-2;freetext;0.666666667
3-shot;Curie;getAfterComma-1;freetext;1
3-shot;Curie;getAfterComma-2;freetext;1
3-shot;Curie;getBetweenCommas-1;freetext;0.666666667
3-shot;Curie;getCaps-1;freetext;1
3-shot;Curie;getCaps-2;freetext;0.333333333
3-shot;Curie;getCaps-3;freetext;1
3-shot;Curie;toUpper-1;freetext;0.333333333
3-shot;Curie;toUpper-2;freetext;0.666666667
3-shot;Curie;addTitle-1;names;0.666666667
3-shot;Curie;addTitle-2;names;0.333333333
3-shot;Curie;getTitle-1;names;0.666666667
3-shot;Curie;getTitle-2;names;1
3-shot;Curie;login-1;names;0
3-shot;Curie;login-2;names;0
3-shot;Curie;reduceName-1;names;1
3-shot;Curie;reduceName-2;names;1
3-shot;Curie;reduceName-3;names;1
3-shot;Curie;reduceName-5;names;0.666666667
3-shot;Curie;reduceName-6;names;0.333333333
3-shot;Curie;reduceName-8;names;1
3-shot;Curie;reduceName-9;names;1
3-shot;Curie;countryPrefix-1;phones;0.333333333
3-shot;Curie;countryPrefix-2;phones;0
3-shot;Curie;countryPrefix-3;phones;0
3-shot;Curie;countryPrefix-7;phones;0
3-shot;Curie;countryPrefix-8;phones;0.666666667
3-shot;Curie;countryPrefix-9;phones;0.666666667
3-shot;Curie;deleteParentheses-1;phones;1
3-shot;Curie;deleteParentheses-2;phones;1
3-shot;Curie;getNumber-1;phones;1
3-shot;Curie;getNumber-2;phones;0
3-shot;Curie;setPrefix-1;phones;0
3-shot;Curie;setPrefix-2;phones;1
3-shot;Curie;setPrefix-3;phones;1
3-shot;Curie;setPrefix-4;phones;1
3-shot;Curie;setPrefix-5;phones;0
3-shot;Curie;setPrefix-6;phones;1
3-shot;Curie;setPunctuation-1;phones;0.333333333
3-shot;Curie;setPunctuation-2;phones;0.333333333
3-shot;Curie;addTime-1;times;0
3-shot;Curie;addTime-2;times;0.333333333
3-shot;Curie;appendTime-1;times;0.666666667
3-shot;Curie;appendTime-2;times;1
3-shot;Curie;appendTime-3;times;0.666666667
3-shot;Curie;appendTime-4;times;1
3-shot;Curie;convert-1;times;0.333333333
3-shot;Curie;convert-10;times;0
3-shot;Curie;convert-2;times;1
3-shot;Curie;convert-3;times;0.333333333
3-shot;Curie;convert-4;times;0.333333333
3-shot;Curie;convert-5;times;0.333333333
3-shot;Curie;convert-6;times;0
3-shot;Curie;convert-7;times;0.333333333
3-shot;Curie;convert-8;times;0
3-shot;Curie;convert-9;times;0.333333333
3-shot;Curie;deleteTime-1;times;0.333333333
3-shot;Curie;deleteTime-2;times;1
3-shot;Curie;getHour-1;times;0
3-shot;Curie;getHour-2;times;1
3-shot;Curie;getMinutes-1;times;0.666666667
3-shot;Curie;getMinutes-2;times;0
3-shot;Curie;getTime-1;times;1
3-shot;Curie;getTime-2;times;1
3-shot;Curie;convert-1;units;0
3-shot;Curie;convert-2;units;0
3-shot;Curie;convert-3;units;0
3-shot;Curie;convert-4;units;0
3-shot;Curie;getSystem-1;units;0.666666667
3-shot;Curie;getSystem-2;units;0.333333333
3-shot;Curie;getUnits-1;units;1
3-shot;Curie;getUnits-2;units;1
3-shot;Curie;getValue-1;units;0.666666667
3-shot;Curie;getValue-2;units;0.666666667
4-shot;Curie;addPunctuation-1;dates;1
4-shot;Curie;addPunctuation-2;dates;0.5
4-shot;Curie;changeFormat-1;dates;0.5
4-shot;Curie;changeFormat-2;dates;0
4-shot;Curie;changeFormat-3;dates;0
4-shot;Curie;changeFormat-4;dates;1
4-shot;Curie;changePunctuation-1;dates;1
4-shot;Curie;changePunctuation-2;dates;1
4-shot;Curie;getDay-1;dates;0.5
4-shot;Curie;getDay-2;dates;1
4-shot;Curie;getDay-3;dates;1
4-shot;Curie;getDayOrdinal-1;dates;0
4-shot;Curie;getDayOrdinal-2;dates;0.5
4-shot;Curie;getMonthName-1;dates;0.5
4-shot;Curie;getMonthName-2;dates;1
4-shot;Curie;getWeekDay-1;dates;1
4-shot;Curie;getWeekDay-2;dates;1
4-shot;Curie;reduceMonthName-1;dates;0.5
4-shot;Curie;reduceMonthName-2;dates;0.5
4-shot;Curie;setFormat-1;dates;0
4-shot;Curie;setFormat-2;dates;0
4-shot;Curie;generate-1;emails;1
4-shot;Curie;generate-2;emails;1
4-shot;Curie;generate-3;emails;1
4-shot;Curie;getAfterAt-2;emails;1
4-shot;Curie;getAfterAt-3;emails;1
4-shot;Curie;getAfterAt-4;emails;1
4-shot;Curie;getDomain-1;emails;1
4-shot;Curie;getDomain-2;emails;1
4-shot;Curie;someBeforeAt-NA;emails;0.5
4-shot;Curie;afterSymbol-1;freetext;1
4-shot;Curie;afterSymbol-2;freetext;1
4-shot;Curie;betweenSymbols-1;freetext;1
4-shot;Curie;betweenSymbols-2;freetext;1
4-shot;Curie;brackets-1;freetext;1
4-shot;Curie;brackets-2;freetext;1
4-shot;Curie;deletePunctuation-1;freetext;0
4-shot;Curie;deletePunctuation-2;freetext;1
4-shot;Curie;deletePunctuation-3;freetext;1
4-shot;Curie;deletePunctuation-4;freetext;0
4-shot;Curie;deleteSpaces-2;freetext;0
4-shot;Curie;digitToEnd-1;freetext;1
4-shot;Curie;firstCharacter-1;freetext;0.5
4-shot;Curie;firstCharacter-2;freetext;0.5
4-shot;Curie;getAfterComma-1;freetext;1
4-shot;Curie;getAfterComma-2;freetext;1
4-shot;Curie;getBetweenCommas-1;freetext;1
4-shot;Curie;getCaps-1;freetext;1
4-shot;Curie;getCaps-2;freetext;0
4-shot;Curie;getCaps-3;freetext;1
4-shot;Curie;toUpper-1;freetext;0.5
4-shot;Curie;toUpper-2;freetext;0.5
4-shot;Curie;addTitle-1;names;1
4-shot;Curie;addTitle-2;names;0.5
4-shot;Curie;getTitle-1;names;1
4-shot;Curie;getTitle-2;names;1
4-shot;Curie;login-1;names;0
4-shot;Curie;login-2;names;0
4-shot;Curie;reduceName-1;names;1
4-shot;Curie;reduceName-2;names;1
4-shot;Curie;reduceName-3;names;1
4-shot;Curie;reduceName-5;names;1
4-shot;Curie;reduceName-6;names;0.5
4-shot;Curie;reduceName-8;names;1
4-shot;Curie;reduceName-9;names;1
4-shot;Curie;countryPrefix-1;phones;1
4-shot;Curie;countryPrefix-2;phones;0
4-shot;Curie;countryPrefix-3;phones;0
4-shot;Curie;countryPrefix-7;phones;0
4-shot;Curie;countryPrefix-8;phones;1
4-shot;Curie;countryPrefix-9;phones;1
4-shot;Curie;deleteParentheses-1;phones;0.5
4-shot;Curie;deleteParentheses-2;phones;1
4-shot;Curie;getNumber-1;phones;1
4-shot;Curie;getNumber-2;phones;0
4-shot;Curie;setPrefix-1;phones;0
4-shot;Curie;setPrefix-2;phones;1
4-shot;Curie;setPrefix-3;phones;1
4-shot;Curie;setPrefix-4;phones;1
4-shot;Curie;setPrefix-5;phones;0
4-shot;Curie;setPrefix-6;phones;1
4-shot;Curie;setPunctuation-1;phones;0
4-shot;Curie;setPunctuation-2;phones;0.5
4-shot;Curie;addTime-1;times;0
4-shot;Curie;addTime-2;times;0
4-shot;Curie;appendTime-1;times;0.5
4-shot;Curie;appendTime-2;times;1
4-shot;Curie;appendTime-3;times;0.5
4-shot;Curie;appendTime-4;times;1
4-shot;Curie;convert-1;times;0.5
4-shot;Curie;convert-10;times;0
4-shot;Curie;convert-2;times;1
4-shot;Curie;convert-3;times;0
4-shot;Curie;convert-4;times;0.5
4-shot;Curie;convert-5;times;0
4-shot;Curie;convert-6;times;0.5
4-shot;Curie;convert-7;times;0
4-shot;Curie;convert-8;times;0
4-shot;Curie;convert-9;times;0
4-shot;Curie;deleteTime-1;times;0.5
4-shot;Curie;deleteTime-2;times;1
4-shot;Curie;getHour-1;times;1
4-shot;Curie;getHour-2;times;1
4-shot;Curie;getMinutes-1;times;1
4-shot;Curie;getMinutes-2;times;1
4-shot;Curie;getTime-1;times;1
4-shot;Curie;getTime-2;times;1
4-shot;Curie;convert-1;units;0
4-shot;Curie;convert-2;units;0
4-shot;Curie;convert-3;units;0
4-shot;Curie;convert-4;units;0
4-shot;Curie;getSystem-1;units;0
4-shot;Curie;getSystem-2;units;0.5
4-shot;Curie;getUnits-1;units;1
4-shot;Curie;getUnits-2;units;1
4-shot;Curie;getValue-1;units;0.5
4-shot;Curie;getValue-2;units;1
1-shot;Babbage;addPunctuation-1;dates;0.6
1-shot;Babbage;addPunctuation-2;dates;0.4
1-shot;Babbage;changeFormat-1;dates;0
1-shot;Babbage;changeFormat-2;dates;0
1-shot;Babbage;changeFormat-3;dates;0
1-shot;Babbage;changeFormat-4;dates;0.4
1-shot;Babbage;changePunctuation-1;dates;0.6
1-shot;Babbage;changePunctuation-2;dates;0.8
1-shot;Babbage;getDay-1;dates;0
1-shot;Babbage;getDay-2;dates;0
1-shot;Babbage;getDay-3;dates;0
1-shot;Babbage;getDayOrdinal-1;dates;0
1-shot;Babbage;getDayOrdinal-2;dates;0
1-shot;Babbage;getMonthName-1;dates;0.4
1-shot;Babbage;getMonthName-2;dates;0.8
1-shot;Babbage;getWeekDay-1;dates;0.6
1-shot;Babbage;getWeekDay-2;dates;0.8
1-shot;Babbage;reduceMonthName-1;dates;0.2
1-shot;Babbage;reduceMonthName-2;dates;0
1-shot;Babbage;setFormat-1;dates;0
1-shot;Babbage;setFormat-2;dates;0
1-shot;Babbage;generate-1;emails;1
1-shot;Babbage;generate-2;emails;0.6
1-shot;Babbage;generate-3;emails;0.8
1-shot;Babbage;getAfterAt-2;emails;0
1-shot;Babbage;getAfterAt-3;emails;0.2
1-shot;Babbage;getAfterAt-4;emails;0.6
1-shot;Babbage;getDomain-1;emails;0.4
1-shot;Babbage;getDomain-2;emails;1
1-shot;Babbage;someBeforeAt-NA;emails;0.6
1-shot;Babbage;afterSymbol-1;freetext;1
1-shot;Babbage;afterSymbol-2;freetext;1
1-shot;Babbage;betweenSymbols-1;freetext;1
1-shot;Babbage;betweenSymbols-2;freetext;0.8
1-shot;Babbage;brackets-1;freetext;0.8
1-shot;Babbage;brackets-2;freetext;0.4
1-shot;Babbage;deletePunctuation-1;freetext;0
1-shot;Babbage;deletePunctuation-2;freetext;0.4
1-shot;Babbage;deletePunctuation-3;freetext;0.4
1-shot;Babbage;deletePunctuation-4;freetext;0
1-shot;Babbage;deleteSpaces-2;freetext;0
1-shot;Babbage;digitToEnd-1;freetext;0.8
1-shot;Babbage;firstCharacter-1;freetext;0.4
1-shot;Babbage;firstCharacter-2;freetext;0
1-shot;Babbage;getAfterComma-1;freetext;0.8
1-shot;Babbage;getAfterComma-2;freetext;1
1-shot;Babbage;getBetweenCommas-1;freetext;1
1-shot;Babbage;getCaps-1;freetext;0
1-shot;Babbage;getCaps-2;freetext;0
1-shot;Babbage;getCaps-3;freetext;0
1-shot;Babbage;toUpper-1;freetext;0
1-shot;Babbage;toUpper-2;freetext;0
1-shot;Babbage;addTitle-1;names;0.4
1-shot;Babbage;addTitle-2;names;0.4
1-shot;Babbage;getTitle-1;names;0
1-shot;Babbage;getTitle-2;names;0
1-shot;Babbage;login-1;names;0
1-shot;Babbage;login-2;names;0
1-shot;Babbage;reduceName-1;names;0.8
1-shot;Babbage;reduceName-2;names;0.8
1-shot;Babbage;reduceName-3;names;1
1-shot;Babbage;reduceName-5;names;0
1-shot;Babbage;reduceName-6;names;0
1-shot;Babbage;reduceName-8;names;0
1-shot;Babbage;reduceName-9;names;0
1-shot;Babbage;countryPrefix-1;phones;0.2
1-shot;Babbage;countryPrefix-2;phones;0
1-shot;Babbage;countryPrefix-3;phones;0
1-shot;Babbage;countryPrefix-7;phones;0
1-shot;Babbage;countryPrefix-8;phones;0.8
1-shot;Babbage;countryPrefix-9;phones;0.8
1-shot;Babbage;deleteParentheses-1;phones;0
1-shot;Babbage;deleteParentheses-2;phones;0.4
1-shot;Babbage;getNumber-1;phones;0.6
1-shot;Babbage;getNumber-2;phones;0.6
1-shot;Babbage;setPrefix-1;phones;0
1-shot;Babbage;setPrefix-2;phones;0.2
1-shot;Babbage;setPrefix-3;phones;0.6
1-shot;Babbage;setPrefix-4;phones;0.2
1-shot;Babbage;setPrefix-5;phones;0.2
1-shot;Babbage;setPrefix-6;phones;0
1-shot;Babbage;setPunctuation-1;phones;0.2
1-shot;Babbage;setPunctuation-2;phones;0.2
1-shot;Babbage;addTime-1;times;0.2
1-shot;Babbage;addTime-2;times;0
1-shot;Babbage;appendTime-1;times;0.4
1-shot;Babbage;appendTime-2;times;0.8
1-shot;Babbage;appendTime-3;times;0.4
1-shot;Babbage;appendTime-4;times;0.8
1-shot;Babbage;convert-1;times;0.2
1-shot;Babbage;convert-10;times;0.2
1-shot;Babbage;convert-2;times;0.4
1-shot;Babbage;convert-3;times;0.2
1-shot;Babbage;convert-4;times;0.2
1-shot;Babbage;convert-5;times;0.2
1-shot;Babbage;convert-6;times;0
1-shot;Babbage;convert-7;times;0.2
1-shot;Babbage;convert-8;times;0.2
1-shot;Babbage;convert-9;times;0.2
1-shot;Babbage;deleteTime-1;times;0
1-shot;Babbage;deleteTime-2;times;0.2
1-shot;Babbage;getHour-1;times;0.2
1-shot;Babbage;getHour-2;times;0.6
1-shot;Babbage;getMinutes-1;times;0.8
1-shot;Babbage;getMinutes-2;times;0.2
1-shot;Babbage;getTime-1;times;0.6
1-shot;Babbage;getTime-2;times;1
1-shot;Babbage;convert-1;units;0
1-shot;Babbage;convert-2;units;0
1-shot;Babbage;convert-3;units;0
1-shot;Babbage;convert-4;units;0
1-shot;Babbage;getSystem-1;units;0
1-shot;Babbage;getSystem-2;units;0
1-shot;Babbage;getUnits-1;units;0
1-shot;Babbage;getUnits-2;units;0
1-shot;Babbage;getValue-1;units;0.4
1-shot;Babbage;getValue-2;units;0
2-shot;Babbage;addPunctuation-1;dates;0.75
2-shot;Babbage;addPunctuation-2;dates;0.5
2-shot;Babbage;changeFormat-1;dates;0
2-shot;Babbage;changeFormat-2;dates;0
2-shot;Babbage;changeFormat-3;dates;0
2-shot;Babbage;changeFormat-4;dates;0.75
2-shot;Babbage;changePunctuation-1;dates;1
2-shot;Babbage;changePunctuation-2;dates;1
2-shot;Babbage;getDay-1;dates;0.5
2-shot;Babbage;getDay-2;dates;0.25
2-shot;Babbage;getDay-3;dates;0.75
2-shot;Babbage;getDayOrdinal-1;dates;0
2-shot;Babbage;getDayOrdinal-2;dates;0
2-shot;Babbage;getMonthName-1;dates;0.5
2-shot;Babbage;getMonthName-2;dates;1
2-shot;Babbage;getWeekDay-1;dates;1
2-shot;Babbage;getWeekDay-2;dates;0
2-shot;Babbage;reduceMonthName-1;dates;0.25
2-shot;Babbage;reduceMonthName-2;dates;0.25
2-shot;Babbage;setFormat-1;dates;0
2-shot;Babbage;setFormat-2;dates;0
2-shot;Babbage;generate-1;emails;1
2-shot;Babbage;generate-2;emails;1
2-shot;Babbage;generate-3;emails;1
2-shot;Babbage;getAfterAt-2;emails;0.75
2-shot;Babbage;getAfterAt-3;emails;1
2-shot;Babbage;getAfterAt-4;emails;1
2-shot;Babbage;getDomain-1;emails;1
2-shot;Babbage;getDomain-2;emails;1
2-shot;Babbage;someBeforeAt-NA;emails;0.5
2-shot;Babbage;afterSymbol-1;freetext;1
2-shot;Babbage;afterSymbol-2;freetext;1
2-shot;Babbage;betweenSymbols-1;freetext;1
2-shot;Babbage;betweenSymbols-2;freetext;1
2-shot;Babbage;brackets-1;freetext;0.75
2-shot;Babbage;brackets-2;freetext;0.25
2-shot;Babbage;deletePunctuation-1;freetext;0.25
2-shot;Babbage;deletePunctuation-2;freetext;0.25
2-shot;Babbage;deletePunctuation-3;freetext;0.25
2-shot;Babbage;deletePunctuation-4;freetext;0
2-shot;Babbage;deleteSpaces-2;freetext;0
2-shot;Babbage;digitToEnd-1;freetext;1
2-shot;Babbage;firstCharacter-1;freetext;0.25
2-shot;Babbage;firstCharacter-2;freetext;0.5
2-shot;Babbage;getAfterComma-1;freetext;0.75
2-shot;Babbage;getAfterComma-2;freetext;1
2-shot;Babbage;getBetweenCommas-1;freetext;1
2-shot;Babbage;getCaps-1;freetext;0.25
2-shot;Babbage;getCaps-2;freetext;0.5
2-shot;Babbage;getCaps-3;freetext;0.75
2-shot;Babbage;toUpper-1;freetext;0.5
2-shot;Babbage;toUpper-2;freetext;0
2-shot;Babbage;addTitle-1;names;0.75
2-shot;Babbage;addTitle-2;names;0.25
2-shot;Babbage;getTitle-1;names;0
2-shot;Babbage;getTitle-2;names;0.75
2-shot;Babbage;login-1;names;0
2-shot;Babbage;login-2;names;0
2-shot;Babbage;reduceName-1;names;0.5
2-shot;Babbage;reduceName-2;names;0.75
2-shot;Babbage;reduceName-3;names;1
2-shot;Babbage;reduceName-5;names;0.75
2-shot;Babbage;reduceName-6;names;0.5
2-shot;Babbage;reduceName-8;names;0.25
2-shot;Babbage;reduceName-9;names;1
2-shot;Babbage;countryPrefix-1;phones;0.75
2-shot;Babbage;countryPrefix-2;phones;0
2-shot;Babbage;countryPrefix-3;phones;0
2-shot;Babbage;countryPrefix-7;phones;0
2-shot;Babbage;countryPrefix-8;phones;0.75
2-shot;Babbage;countryPrefix-9;phones;0.75
2-shot;Babbage;deleteParentheses-1;phones;0.75
2-shot;Babbage;deleteParentheses-2;phones;1
2-shot;Babbage;getNumber-1;phones;0.5
2-shot;Babbage;getNumber-2;phones;0.25
2-shot;Babbage;setPrefix-1;phones;0
2-shot;Babbage;setPrefix-2;phones;1
2-shot;Babbage;setPrefix-3;phones;1
2-shot;Babbage;setPrefix-4;phones;1
2-shot;Babbage;setPrefix-5;phones;0
2-shot;Babbage;setPrefix-6;phones;1
2-shot;Babbage;setPunctuation-1;phones;0.25
2-shot;Babbage;setPunctuation-2;phones;0.25
2-shot;Babbage;addTime-1;times;0
2-shot;Babbage;addTime-2;times;0.25
2-shot;Babbage;appendTime-1;times;0.25
2-shot;Babbage;appendTime-2;times;1
2-shot;Babbage;appendTime-3;times;0.75
2-shot;Babbage;appendTime-4;times;1
2-shot;Babbage;convert-1;times;0.25
2-shot;Babbage;convert-10;times;0
2-shot;Babbage;convert-2;times;0.25
2-shot;Babbage;convert-3;times;0.25
2-shot;Babbage;convert-4;times;0
2-shot;Babbage;convert-5;times;0.25
2-shot;Babbage;convert-6;times;0
2-shot;Babbage;convert-7;times;0.5
2-shot;Babbage;convert-8;times;0
2-shot;Babbage;convert-9;times;0.5
2-shot;Babbage;deleteTime-1;times;0.25
2-shot;Babbage;deleteTime-2;times;0
2-shot;Babbage;getHour-1;times;0
2-shot;Babbage;getHour-2;times;1
2-shot;Babbage;getMinutes-1;times;0.75
2-shot;Babbage;getMinutes-2;times;0.75
2-shot;Babbage;getTime-1;times;1
2-shot;Babbage;getTime-2;times;1
2-shot;Babbage;convert-1;units;0
2-shot;Babbage;convert-2;units;0
2-shot;Babbage;convert-3;units;0
2-shot;Babbage;convert-4;units;0
2-shot;Babbage;getSystem-1;units;0.25
2-shot;Babbage;getSystem-2;units;0.25
2-shot;Babbage;getUnits-1;units;0.75
2-shot;Babbage;getUnits-2;units;0.25
2-shot;Babbage;getValue-1;units;0.75
2-shot;Babbage;getValue-2;units;1
3-shot;Babbage;addPunctuation-1;dates;0.666666667
3-shot;Babbage;addPunctuation-2;dates;0.333333333
3-shot;Babbage;changeFormat-1;dates;0
3-shot;Babbage;changeFormat-2;dates;0
3-shot;Babbage;changeFormat-3;dates;0
3-shot;Babbage;changeFormat-4;dates;0
3-shot;Babbage;changePunctuation-1;dates;1
3-shot;Babbage;changePunctuation-2;dates;1
3-shot;Babbage;getDay-1;dates;0.666666667
3-shot;Babbage;getDay-2;dates;1
3-shot;Babbage;getDay-3;dates;0.666666667
3-shot;Babbage;getDayOrdinal-1;dates;0
3-shot;Babbage;getDayOrdinal-2;dates;0
3-shot;Babbage;getMonthName-1;dates;0.666666667
3-shot;Babbage;getMonthName-2;dates;1
3-shot;Babbage;getWeekDay-1;dates;1
3-shot;Babbage;getWeekDay-2;dates;0
3-shot;Babbage;reduceMonthName-1;dates;0.333333333
3-shot;Babbage;reduceMonthName-2;dates;0.666666667
3-shot;Babbage;setFormat-1;dates;0
3-shot;Babbage;setFormat-2;dates;0
3-shot;Babbage;generate-1;emails;1
3-shot;Babbage;generate-2;emails;1
3-shot;Babbage;generate-3;emails;1
3-shot;Babbage;getAfterAt-2;emails;0.666666667
3-shot;Babbage;getAfterAt-3;emails;1
3-shot;Babbage;getAfterAt-4;emails;1
3-shot;Babbage;getDomain-1;emails;1
3-shot;Babbage;getDomain-2;emails;1
3-shot;Babbage;someBeforeAt-NA;emails;0.333333333
3-shot;Babbage;afterSymbol-1;freetext;1
3-shot;Babbage;afterSymbol-2;freetext;1
3-shot;Babbage;betweenSymbols-1;freetext;1
3-shot;Babbage;betweenSymbols-2;freetext;1
3-shot;Babbage;brackets-1;freetext;1
3-shot;Babbage;brackets-2;freetext;1
3-shot;Babbage;deletePunctuation-1;freetext;0.333333333
3-shot;Babbage;deletePunctuation-2;freetext;0
3-shot;Babbage;deletePunctuation-3;freetext;0.333333333
3-shot;Babbage;deletePunctuation-4;freetext;0.333333333
3-shot;Babbage;deleteSpaces-2;freetext;0
3-shot;Babbage;digitToEnd-1;freetext;1
3-shot;Babbage;firstCharacter-1;freetext;0.666666667
3-shot;Babbage;firstCharacter-2;freetext;0.666666667
3-shot;Babbage;getAfterComma-1;freetext;1
3-shot;Babbage;getAfterComma-2;freetext;1
3-shot;Babbage;getBetweenCommas-1;freetext;1
3-shot;Babbage;getCaps-1;freetext;1
3-shot;Babbage;getCaps-2;freetext;0.666666667
3-shot;Babbage;getCaps-3;freetext;1
3-shot;Babbage;toUpper-1;freetext;0
3-shot;Babbage;toUpper-2;freetext;0
3-shot;Babbage;addTitle-1;names;0.666666667
3-shot;Babbage;addTitle-2;names;0.333333333
3-shot;Babbage;getTitle-1;names;0.333333333
3-shot;Babbage;getTitle-2;names;1
3-shot;Babbage;login-1;names;0
3-shot;Babbage;login-2;names;0
3-shot;Babbage;reduceName-1;names;1
3-shot;Babbage;reduceName-2;names;0.666666667
3-shot;Babbage;reduceName-3;names;1
3-shot;Babbage;reduceName-5;names;1
3-shot;Babbage;reduceName-6;names;0.666666667
3-shot;Babbage;reduceName-8;names;0.666666667
3-shot;Babbage;reduceName-9;names;1
3-shot;Babbage;countryPrefix-1;phones;0.666666667
3-shot;Babbage;countryPrefix-2;phones;0.333333333
3-shot;Babbage;countryPrefix-3;phones;0
3-shot;Babbage;countryPrefix-7;phones;0
3-shot;Babbage;countryPrefix-8;phones;0.666666667
3-shot;Babbage;countryPrefix-9;phones;1
3-shot;Babbage;deleteParentheses-1;phones;1
3-shot;Babbage;deleteParentheses-2;phones;1
3-shot;Babbage;getNumber-1;phones;1
3-shot;Babbage;getNumber-2;phones;1
3-shot;Babbage;setPrefix-1;phones;0
3-shot;Babbage;setPrefix-2;phones;1
3-shot;Babbage;setPrefix-3;phones;1
3-shot;Babbage;setPrefix-4;phones;1
3-shot;Babbage;setPrefix-5;phones;0
3-shot;Babbage;setPrefix-6;phones;1
3-shot;Babbage;setPunctuation-1;phones;0
3-shot;Babbage;setPunctuation-2;phones;0.333333333
3-shot;Babbage;addTime-1;times;0
3-shot;Babbage;addTime-2;times;0.333333333
3-shot;Babbage;appendTime-1;times;0.666666667
3-shot;Babbage;appendTime-2;times;1
3-shot;Babbage;appendTime-3;times;0.666666667
3-shot;Babbage;appendTime-4;times;1
3-shot;Babbage;convert-1;times;0.333333333
3-shot;Babbage;convert-10;times;0
3-shot;Babbage;convert-2;times;0.666666667
3-shot;Babbage;convert-3;times;0.333333333
3-shot;Babbage;convert-4;times;0
3-shot;Babbage;convert-5;times;0.333333333
3-shot;Babbage;convert-6;times;0
3-shot;Babbage;convert-7;times;0.333333333
3-shot;Babbage;convert-8;times;0
3-shot;Babbage;convert-9;times;0.333333333
3-shot;Babbage;deleteTime-1;times;0.333333333
3-shot;Babbage;deleteTime-2;times;0
3-shot;Babbage;getHour-1;times;0
3-shot;Babbage;getHour-2;times;1
3-shot;Babbage;getMinutes-1;times;0.666666667
3-shot;Babbage;getMinutes-2;times;0
3-shot;Babbage;getTime-1;times;1
3-shot;Babbage;getTime-2;times;1
3-shot;Babbage;convert-1;units;0
3-shot;Babbage;convert-2;units;0
3-shot;Babbage;convert-3;units;0
3-shot;Babbage;convert-4;units;0
3-shot;Babbage;getSystem-1;units;0
3-shot;Babbage;getSystem-2;units;0
3-shot;Babbage;getUnits-1;units;1
3-shot;Babbage;getUnits-2;units;1
3-shot;Babbage;getValue-1;units;0.666666667
3-shot;Babbage;getValue-2;units;1
4-shot;Babbage;addPunctuation-1;dates;1
4-shot;Babbage;addPunctuation-2;dates;0.5
4-shot;Babbage;changeFormat-1;dates;0.5
4-shot;Babbage;changeFormat-2;dates;0
4-shot;Babbage;changeFormat-3;dates;0
4-shot;Babbage;changeFormat-4;dates;0.5
4-shot;Babbage;changePunctuation-1;dates;1
4-shot;Babbage;changePunctuation-2;dates;1
4-shot;Babbage;getDay-1;dates;0.5
4-shot;Babbage;getDay-2;dates;1
4-shot;Babbage;getDay-3;dates;1
4-shot;Babbage;getDayOrdinal-1;dates;0
4-shot;Babbage;getDayOrdinal-2;dates;0
4-shot;Babbage;getMonthName-1;dates;0.5
4-shot;Babbage;getMonthName-2;dates;1
4-shot;Babbage;getWeekDay-1;dates;1
4-shot;Babbage;getWeekDay-2;dates;1
4-shot;Babbage;reduceMonthName-1;dates;0.5
4-shot;Babbage;reduceMonthName-2;dates;0.5
4-shot;Babbage;setFormat-1;dates;0
4-shot;Babbage;setFormat-2;dates;0
4-shot;Babbage;generate-1;emails;1
4-shot;Babbage;generate-2;emails;1
4-shot;Babbage;generate-3;emails;1
4-shot;Babbage;getAfterAt-2;emails;1
4-shot;Babbage;getAfterAt-3;emails;1
4-shot;Babbage;getAfterAt-4;emails;1
4-shot;Babbage;getDomain-1;emails;1
4-shot;Babbage;getDomain-2;emails;1
4-shot;Babbage;someBeforeAt-NA;emails;0
4-shot;Babbage;afterSymbol-1;freetext;1
4-shot;Babbage;afterSymbol-2;freetext;1
4-shot;Babbage;betweenSymbols-1;freetext;1
4-shot;Babbage;betweenSymbols-2;freetext;1
4-shot;Babbage;brackets-1;freetext;1
4-shot;Babbage;brackets-2;freetext;1
4-shot;Babbage;deletePunctuation-1;freetext;0
4-shot;Babbage;deletePunctuation-2;freetext;0
4-shot;Babbage;deletePunctuation-3;freetext;0.5
4-shot;Babbage;deletePunctuation-4;freetext;0
4-shot;Babbage;deleteSpaces-2;freetext;0
4-shot;Babbage;digitToEnd-1;freetext;1
4-shot;Babbage;firstCharacter-1;freetext;0
4-shot;Babbage;firstCharacter-2;freetext;0.5
4-shot;Babbage;getAfterComma-1;freetext;1
4-shot;Babbage;getAfterComma-2;freetext;1
4-shot;Babbage;getBetweenCommas-1;freetext;1
4-shot;Babbage;getCaps-1;freetext;1
4-shot;Babbage;getCaps-2;freetext;0.5
4-shot;Babbage;getCaps-3;freetext;1
4-shot;Babbage;toUpper-1;freetext;0
4-shot;Babbage;toUpper-2;freetext;0
4-shot;Babbage;addTitle-1;names;1
4-shot;Babbage;addTitle-2;names;0
4-shot;Babbage;getTitle-1;names;0.5
4-shot;Babbage;getTitle-2;names;1
4-shot;Babbage;login-1;names;0
4-shot;Babbage;login-2;names;0
4-shot;Babbage;reduceName-1;names;1
4-shot;Babbage;reduceName-2;names;0.5
4-shot;Babbage;reduceName-3;names;1
4-shot;Babbage;reduceName-5;names;1
4-shot;Babbage;reduceName-6;names;0.5
4-shot;Babbage;reduceName-8;names;1
4-shot;Babbage;reduceName-9;names;1
4-shot;Babbage;countryPrefix-1;phones;1
4-shot;Babbage;countryPrefix-2;phones;0
4-shot;Babbage;countryPrefix-3;phones;0
4-shot;Babbage;countryPrefix-7;phones;0
4-shot;Babbage;countryPrefix-8;phones;1
4-shot;Babbage;countryPrefix-9;phones;1
4-shot;Babbage;deleteParentheses-1;phones;0.5
4-shot;Babbage;deleteParentheses-2;phones;1
4-shot;Babbage;getNumber-1;phones;1
4-shot;Babbage;getNumber-2;phones;0.5
4-shot;Babbage;setPrefix-1;phones;0
4-shot;Babbage;setPrefix-2;phones;1
4-shot;Babbage;setPrefix-3;phones;1
4-shot;Babbage;setPrefix-4;phones;1
4-shot;Babbage;setPrefix-5;phones;0
4-shot;Babbage;setPrefix-6;phones;1
4-shot;Babbage;setPunctuation-1;phones;0
4-shot;Babbage;setPunctuation-2;phones;0.5
4-shot;Babbage;addTime-1;times;0
4-shot;Babbage;addTime-2;times;0
4-shot;Babbage;appendTime-1;times;0.5
4-shot;Babbage;appendTime-2;times;1
4-shot;Babbage;appendTime-3;times;0.5
4-shot;Babbage;appendTime-4;times;1
4-shot;Babbage;convert-1;times;0.5
4-shot;Babbage;convert-10;times;0
4-shot;Babbage;convert-2;times;1
4-shot;Babbage;convert-3;times;0
4-shot;Babbage;convert-4;times;0
4-shot;Babbage;convert-5;times;0
4-shot;Babbage;convert-6;times;0
4-shot;Babbage;convert-7;times;0
4-shot;Babbage;convert-8;times;0
4-shot;Babbage;convert-9;times;0
4-shot;Babbage;deleteTime-1;times;0.5
4-shot;Babbage;deleteTime-2;times;0
4-shot;Babbage;getHour-1;times;0
4-shot;Babbage;getHour-2;times;1
4-shot;Babbage;getMinutes-1;times;1
4-shot;Babbage;getMinutes-2;times;0
4-shot;Babbage;getTime-1;times;1
4-shot;Babbage;getTime-2;times;1
4-shot;Babbage;convert-1;units;0
4-shot;Babbage;convert-2;units;0
4-shot;Babbage;convert-3;units;0
4-shot;Babbage;convert-4;units;0
4-shot;Babbage;getSystem-1;units;0
4-shot;Babbage;getSystem-2;units;0
4-shot;Babbage;getUnits-1;units;1
4-shot;Babbage;getUnits-2;units;1
4-shot;Babbage;getValue-1;units;0.5
4-shot;Babbage;getValue-2;units;1
1-shot;Ada;addPunctuation-1;dates;0
1-shot;Ada;addPunctuation-2;dates;0
1-shot;Ada;changeFormat-1;dates;0
1-shot;Ada;changeFormat-2;dates;0
1-shot;Ada;changeFormat-3;dates;0
1-shot;Ada;changeFormat-4;dates;0
1-shot;Ada;changePunctuation-1;dates;0.6
1-shot;Ada;changePunctuation-2;dates;0.8
1-shot;Ada;getDay-1;dates;0.2
1-shot;Ada;getDay-2;dates;0
1-shot;Ada;getDay-3;dates;0.2
1-shot;Ada;getDayOrdinal-1;dates;0.2
1-shot;Ada;getDayOrdinal-2;dates;0
1-shot;Ada;getMonthName-1;dates;0
1-shot;Ada;getMonthName-2;dates;0.8
1-shot;Ada;getWeekDay-1;dates;0
1-shot;Ada;getWeekDay-2;dates;0.2
1-shot;Ada;reduceMonthName-1;dates;0.2
1-shot;Ada;reduceMonthName-2;dates;0
1-shot;Ada;setFormat-1;dates;0
1-shot;Ada;setFormat-2;dates;0
1-shot;Ada;generate-1;emails;1
1-shot;Ada;generate-2;emails;0
1-shot;Ada;generate-3;emails;0.8
1-shot;Ada;getAfterAt-2;emails;0.2
1-shot;Ada;getAfterAt-3;emails;0
1-shot;Ada;getAfterAt-4;emails;0.8
1-shot;Ada;getDomain-1;emails;0
1-shot;Ada;getDomain-2;emails;0.2
1-shot;Ada;someBeforeAt-NA;emails;0.4
1-shot;Ada;afterSymbol-1;freetext;1
1-shot;Ada;afterSymbol-2;freetext;0.6
1-shot;Ada;betweenSymbols-1;freetext;1
1-shot;Ada;betweenSymbols-2;freetext;0
1-shot;Ada;brackets-1;freetext;1
1-shot;Ada;brackets-2;freetext;0.6
1-shot;Ada;deletePunctuation-1;freetext;0
1-shot;Ada;deletePunctuation-2;freetext;0.4
1-shot;Ada;deletePunctuation-3;freetext;0.2
1-shot;Ada;deletePunctuation-4;freetext;0
1-shot;Ada;deleteSpaces-2;freetext;0
1-shot;Ada;digitToEnd-1;freetext;0.8
1-shot;Ada;firstCharacter-1;freetext;0
1-shot;Ada;firstCharacter-2;freetext;0
1-shot;Ada;getAfterComma-1;freetext;1
1-shot;Ada;getAfterComma-2;freetext;1
1-shot;Ada;getBetweenCommas-1;freetext;1
1-shot;Ada;getCaps-1;freetext;0
1-shot;Ada;getCaps-2;freetext;0
1-shot;Ada;getCaps-3;freetext;0
1-shot;Ada;toUpper-1;freetext;0
1-shot;Ada;toUpper-2;freetext;0
1-shot;Ada;addTitle-1;names;0.6
1-shot;Ada;addTitle-2;names;0.4
1-shot;Ada;getTitle-1;names;0
1-shot;Ada;getTitle-2;names;0.2
1-shot;Ada;login-1;names;0
1-shot;Ada;login-2;names;0
1-shot;Ada;reduceName-1;names;0.4
1-shot;Ada;reduceName-2;names;0.6
1-shot;Ada;reduceName-3;names;0.2
1-shot;Ada;reduceName-5;names;0
1-shot;Ada;reduceName-6;names;0
1-shot;Ada;reduceName-8;names;0
1-shot;Ada;reduceName-9;names;0.2
1-shot;Ada;countryPrefix-1;phones;0
1-shot;Ada;countryPrefix-2;phones;0
1-shot;Ada;countryPrefix-3;phones;0
1-shot;Ada;countryPrefix-7;phones;0
1-shot;Ada;countryPrefix-8;phones;0.4
1-shot;Ada;countryPrefix-9;phones;0
1-shot;Ada;deleteParentheses-1;phones;0
1-shot;Ada;deleteParentheses-2;phones;0.2
1-shot;Ada;getNumber-1;phones;0.4
1-shot;Ada;getNumber-2;phones;0.4
1-shot;Ada;setPrefix-1;phones;0
1-shot;Ada;setPrefix-2;phones;0
1-shot;Ada;setPrefix-3;phones;1
1-shot;Ada;setPrefix-4;phones;0.4
1-shot;Ada;setPrefix-5;phones;0.2
1-shot;Ada;setPrefix-6;phones;0
1-shot;Ada;setPunctuation-1;phones;0
1-shot;Ada;setPunctuation-2;phones;0
1-shot;Ada;addTime-1;times;0.2
1-shot;Ada;addTime-2;times;0
1-shot;Ada;appendTime-1;times;0.4
1-shot;Ada;appendTime-2;times;0.8
1-shot;Ada;appendTime-3;times;0.8
1-shot;Ada;appendTime-4;times;0.8
1-shot;Ada;convert-1;times;0.4
1-shot;Ada;convert-10;times;0
1-shot;Ada;convert-2;times;0.2
1-shot;Ada;convert-3;times;0.2
1-shot;Ada;convert-4;times;0.2
1-shot;Ada;convert-5;times;0.2
1-shot;Ada;convert-6;times;0
1-shot;Ada;convert-7;times;0.2
1-shot;Ada;convert-8;times;0
1-shot;Ada;convert-9;times;0.2
1-shot;Ada;deleteTime-1;times;0
1-shot;Ada;deleteTime-2;times;0.2
1-shot;Ada;getHour-1;times;0.2
1-shot;Ada;getHour-2;times;0
1-shot;Ada;getMinutes-1;times;0.2
1-shot;Ada;getMinutes-2;times;0.2
1-shot;Ada;getTime-1;times;0.2
1-shot;Ada;getTime-2;times;1
1-shot;Ada;convert-1;units;0
1-shot;Ada;convert-2;units;0
1-shot;Ada;convert-3;units;0
1-shot;Ada;convert-4;units;0
1-shot;Ada;getSystem-1;units;0
1-shot;Ada;getSystem-2;units;0
1-shot;Ada;getUnits-1;units;0
1-shot;Ada;getUnits-2;units;0
1-shot;Ada;getValue-1;units;0.2
1-shot;Ada;getValue-2;units;0
2-shot;Ada;addPunctuation-1;dates;0
2-shot;Ada;addPunctuation-2;dates;0.5
2-shot;Ada;changeFormat-1;dates;0
2-shot;Ada;changeFormat-2;dates;0
2-shot;Ada;changeFormat-3;dates;0
2-shot;Ada;changeFormat-4;dates;0.25
2-shot;Ada;changePunctuation-1;dates;1
2-shot;Ada;changePunctuation-2;dates;1
2-shot;Ada;getDay-1;dates;0.5
2-shot;Ada;getDay-2;dates;0.75
2-shot;Ada;getDay-3;dates;0.75
2-shot;Ada;getDayOrdinal-1;dates;0.25
2-shot;Ada;getDayOrdinal-2;dates;0
2-shot;Ada;getMonthName-1;dates;0.25
2-shot;Ada;getMonthName-2;dates;1
2-shot;Ada;getWeekDay-1;dates;1
2-shot;Ada;getWeekDay-2;dates;0.25
2-shot;Ada;reduceMonthName-1;dates;0.25
2-shot;Ada;reduceMonthName-2;dates;0
2-shot;Ada;setFormat-1;dates;0
2-shot;Ada;setFormat-2;dates;0
2-shot;Ada;generate-1;emails;1
2-shot;Ada;generate-2;emails;1
2-shot;Ada;generate-3;emails;0.75
2-shot;Ada;getAfterAt-2;emails;0.25
2-shot;Ada;getAfterAt-3;emails;1
2-shot;Ada;getAfterAt-4;emails;1
2-shot;Ada;getDomain-1;emails;1
2-shot;Ada;getDomain-2;emails;1
2-shot;Ada;someBeforeAt-NA;emails;0.5
2-shot;Ada;afterSymbol-1;freetext;0.5
2-shot;Ada;afterSymbol-2;freetext;1
2-shot;Ada;betweenSymbols-1;freetext;1
2-shot;Ada;betweenSymbols-2;freetext;1
2-shot;Ada;brackets-1;freetext;1
2-shot;Ada;brackets-2;freetext;1
2-shot;Ada;deletePunctuation-1;freetext;0
2-shot;Ada;deletePunctuation-2;freetext;0.25
2-shot;Ada;deletePunctuation-3;freetext;0
2-shot;Ada;deletePunctuation-4;freetext;0
2-shot;Ada;deleteSpaces-2;freetext;0
2-shot;Ada;digitToEnd-1;freetext;0.75
2-shot;Ada;firstCharacter-1;freetext;0.25
2-shot;Ada;firstCharacter-2;freetext;0
2-shot;Ada;getAfterComma-1;freetext;0.75
2-shot;Ada;getAfterComma-2;freetext;1
2-shot;Ada;getBetweenCommas-1;freetext;1
2-shot;Ada;getCaps-1;freetext;0
2-shot;Ada;getCaps-2;freetext;0
2-shot;Ada;getCaps-3;freetext;0
2-shot;Ada;toUpper-1;freetext;0
2-shot;Ada;toUpper-2;freetext;0
2-shot;Ada;addTitle-1;names;0.75
2-shot;Ada;addTitle-2;names;0.5
2-shot;Ada;getTitle-1;names;0
2-shot;Ada;getTitle-2;names;0.75
2-shot;Ada;login-1;names;0
2-shot;Ada;login-2;names;0
2-shot;Ada;reduceName-1;names;1
2-shot;Ada;reduceName-2;names;1
2-shot;Ada;reduceName-3;names;1
2-shot;Ada;reduceName-5;names;0.75
2-shot;Ada;reduceName-6;names;0.75
2-shot;Ada;reduceName-8;names;0
2-shot;Ada;reduceName-9;names;0.5
2-shot;Ada;countryPrefix-1;phones;0
2-shot;Ada;countryPrefix-2;phones;0
2-shot;Ada;countryPrefix-3;phones;0
2-shot;Ada;countryPrefix-7;phones;0
2-shot;Ada;countryPrefix-8;phones;0
2-shot;Ada;countryPrefix-9;phones;0
2-shot;Ada;deleteParentheses-1;phones;1
2-shot;Ada;deleteParentheses-2;phones;1
2-shot;Ada;getNumber-1;phones;0.5
2-shot;Ada;getNumber-2;phones;0.25
2-shot;Ada;setPrefix-1;phones;0
2-shot;Ada;setPrefix-2;phones;1
2-shot;Ada;setPrefix-3;phones;1
2-shot;Ada;setPrefix-4;phones;1
2-shot;Ada;setPrefix-5;phones;0
2-shot;Ada;setPrefix-6;phones;1
2-shot;Ada;setPunctuation-1;phones;0
2-shot;Ada;setPunctuation-2;phones;0
2-shot;Ada;addTime-1;times;0
2-shot;Ada;addTime-2;times;0.25
2-shot;Ada;appendTime-1;times;0.75
2-shot;Ada;appendTime-2;times;1
2-shot;Ada;appendTime-3;times;0.75
2-shot;Ada;appendTime-4;times;1
2-shot;Ada;convert-1;times;0.25
2-shot;Ada;convert-10;times;0
2-shot;Ada;convert-2;times;0.25
2-shot;Ada;convert-3;times;0.25
2-shot;Ada;convert-4;times;0
2-shot;Ada;convert-5;times;0.5
2-shot;Ada;convert-6;times;0
2-shot;Ada;convert-7;times;0.5
2-shot;Ada;convert-8;times;0
2-shot;Ada;convert-9;times;0.5
2-shot;Ada;deleteTime-1;times;0.25
2-shot;Ada;deleteTime-2;times;0
2-shot;Ada;getHour-1;times;0
2-shot;Ada;getHour-2;times;1
2-shot;Ada;getMinutes-1;times;0.5
2-shot;Ada;getMinutes-2;times;0
2-shot;Ada;getTime-1;times;1
2-shot;Ada;getTime-2;times;0.75
2-shot;Ada;convert-1;units;0
2-shot;Ada;convert-2;units;0
2-shot;Ada;convert-3;units;0
2-shot;Ada;convert-4;units;0
2-shot;Ada;getSystem-1;units;0
2-shot;Ada;getSystem-2;units;0
2-shot;Ada;getUnits-1;units;0.5
2-shot;Ada;getUnits-2;units;0.75
2-shot;Ada;getValue-1;units;0.75
2-shot;Ada;getValue-2;units;0.5
3-shot;Ada;addPunctuation-1;dates;0.333333333
3-shot;Ada;addPunctuation-2;dates;0.666666667
3-shot;Ada;changeFormat-1;dates;0.333333333
3-shot;Ada;changeFormat-2;dates;0
3-shot;Ada;changeFormat-3;dates;0
3-shot;Ada;changeFormat-4;dates;0
3-shot;Ada;changePunctuation-1;dates;1
3-shot;Ada;changePunctuation-2;dates;1
3-shot;Ada;getDay-1;dates;0
3-shot;Ada;getDay-2;dates;1
3-shot;Ada;getDay-3;dates;0.666666667
3-shot;Ada;getDayOrdinal-1;dates;0
3-shot;Ada;getDayOrdinal-2;dates;0
3-shot;Ada;getMonthName-1;dates;0
3-shot;Ada;getMonthName-2;dates;1
3-shot;Ada;getWeekDay-1;dates;1
3-shot;Ada;getWeekDay-2;dates;0.333333333
3-shot;Ada;reduceMonthName-1;dates;0.666666667
3-shot;Ada;reduceMonthName-2;dates;0.333333333
3-shot;Ada;setFormat-1;dates;0
3-shot;Ada;setFormat-2;dates;0
3-shot;Ada;generate-1;emails;1
3-shot;Ada;generate-2;emails;1
3-shot;Ada;generate-3;emails;0.666666667
3-shot;Ada;getAfterAt-2;emails;0.333333333
3-shot;Ada;getAfterAt-3;emails;1
3-shot;Ada;getAfterAt-4;emails;1
3-shot;Ada;getDomain-1;emails;1
3-shot;Ada;getDomain-2;emails;1
3-shot;Ada;someBeforeAt-NA;emails;0.333333333
3-shot;Ada;afterSymbol-1;freetext;1
3-shot;Ada;afterSymbol-2;freetext;1
3-shot;Ada;betweenSymbols-1;freetext;1
3-shot;Ada;betweenSymbols-2;freetext;1
3-shot;Ada;brackets-1;freetext;1
3-shot;Ada;brackets-2;freetext;1
3-shot;Ada;deletePunctuation-1;freetext;0
3-shot;Ada;deletePunctuation-2;freetext;0
3-shot;Ada;deletePunctuation-3;freetext;0
3-shot;Ada;deletePunctuation-4;freetext;0.333333333
3-shot;Ada;deleteSpaces-2;freetext;0
3-shot;Ada;digitToEnd-1;freetext;1
3-shot;Ada;firstCharacter-1;freetext;0.666666667
3-shot;Ada;firstCharacter-2;freetext;0
3-shot;Ada;getAfterComma-1;freetext;1
3-shot;Ada;getAfterComma-2;freetext;1
3-shot;Ada;getBetweenCommas-1;freetext;1
3-shot;Ada;getCaps-1;freetext;0.666666667
3-shot;Ada;getCaps-2;freetext;0.333333333
3-shot;Ada;getCaps-3;freetext;0.333333333
3-shot;Ada;toUpper-1;freetext;0
3-shot;Ada;toUpper-2;freetext;0
3-shot;Ada;addTitle-1;names;0.666666667
3-shot;Ada;addTitle-2;names;0.333333333
3-shot;Ada;getTitle-1;names;0
3-shot;Ada;getTitle-2;names;0
3-shot;Ada;login-1;names;0
3-shot;Ada;login-2;names;0
3-shot;Ada;reduceName-1;names;1
3-shot;Ada;reduceName-2;names;1
3-shot;Ada;reduceName-3;names;0.666666667
3-shot;Ada;reduceName-5;names;0.666666667
3-shot;Ada;reduceName-6;names;0.666666667
3-shot;Ada;reduceName-8;names;0
3-shot;Ada;reduceName-9;names;0.333333333
3-shot;Ada;countryPrefix-1;phones;0
3-shot;Ada;countryPrefix-2;phones;0
3-shot;Ada;countryPrefix-3;phones;0
3-shot;Ada;countryPrefix-7;phones;0
3-shot;Ada;countryPrefix-8;phones;0.333333333
3-shot;Ada;countryPrefix-9;phones;0.333333333
3-shot;Ada;deleteParentheses-1;phones;1
3-shot;Ada;deleteParentheses-2;phones;1
3-shot;Ada;getNumber-1;phones;0.666666667
3-shot;Ada;getNumber-2;phones;0.333333333
3-shot;Ada;setPrefix-1;phones;0
3-shot;Ada;setPrefix-2;phones;1
3-shot;Ada;setPrefix-3;phones;1
3-shot;Ada;setPrefix-4;phones;1
3-shot;Ada;setPrefix-5;phones;0
3-shot;Ada;setPrefix-6;phones;1
3-shot;Ada;setPunctuation-1;phones;0
3-shot;Ada;setPunctuation-2;phones;0.333333333
3-shot;Ada;addTime-1;times;0
3-shot;Ada;addTime-2;times;0.333333333
3-shot;Ada;appendTime-1;times;0.666666667
3-shot;Ada;appendTime-2;times;1
3-shot;Ada;appendTime-3;times;0.666666667
3-shot;Ada;appendTime-4;times;1
3-shot;Ada;convert-1;times;0.666666667
3-shot;Ada;convert-10;times;0
3-shot;Ada;convert-2;times;1
3-shot;Ada;convert-3;times;0.333333333
3-shot;Ada;convert-4;times;0.333333333
3-shot;Ada;convert-5;times;0.333333333
3-shot;Ada;convert-6;times;0
3-shot;Ada;convert-7;times;0.333333333
3-shot;Ada;convert-8;times;0
3-shot;Ada;convert-9;times;0.333333333
3-shot;Ada;deleteTime-1;times;0.333333333
3-shot;Ada;deleteTime-2;times;0.333333333
3-shot;Ada;getHour-1;times;0
3-shot;Ada;getHour-2;times;1
3-shot;Ada;getMinutes-1;times;0.333333333
3-shot;Ada;getMinutes-2;times;0
3-shot;Ada;getTime-1;times;1
3-shot;Ada;getTime-2;times;1
3-shot;Ada;convert-1;units;0
3-shot;Ada;convert-2;units;0
3-shot;Ada;convert-3;units;0
3-shot;Ada;convert-4;units;0
3-shot;Ada;getSystem-1;units;0
3-shot;Ada;getSystem-2;units;0
3-shot;Ada;getUnits-1;units;1
3-shot;Ada;getUnits-2;units;1
3-shot;Ada;getValue-1;units;0.666666667
3-shot;Ada;getValue-2;units;0.666666667
4-shot;Ada;addPunctuation-1;dates;0.5
4-shot;Ada;addPunctuation-2;dates;0.5
4-shot;Ada;changeFormat-1;dates;1
4-shot;Ada;changeFormat-2;dates;0
4-shot;Ada;changeFormat-3;dates;0
4-shot;Ada;changeFormat-4;dates;0
4-shot;Ada;changePunctuation-1;dates;1
4-shot;Ada;changePunctuation-2;dates;1
4-shot;Ada;getDay-1;dates;0
4-shot;Ada;getDay-2;dates;1
4-shot;Ada;getDay-3;dates;1
4-shot;Ada;getDayOrdinal-1;dates;0
4-shot;Ada;getDayOrdinal-2;dates;0
4-shot;Ada;getMonthName-1;dates;0.5
4-shot;Ada;getMonthName-2;dates;1
4-shot;Ada;getWeekDay-1;dates;1
4-shot;Ada;getWeekDay-2;dates;1
4-shot;Ada;reduceMonthName-1;dates;0.5
4-shot;Ada;reduceMonthName-2;dates;0.5
4-shot;Ada;setFormat-1;dates;0
4-shot;Ada;setFormat-2;dates;0
4-shot;Ada;generate-1;emails;1
4-shot;Ada;generate-2;emails;1
4-shot;Ada;generate-3;emails;1
4-shot;Ada;getAfterAt-2;emails;0.5
4-shot;Ada;getAfterAt-3;emails;1
4-shot;Ada;getAfterAt-4;emails;1
4-shot;Ada;getDomain-1;emails;1
4-shot;Ada;getDomain-2;emails;1
4-shot;Ada;someBeforeAt-NA;emails;0
4-shot;Ada;afterSymbol-1;freetext;1
4-shot;Ada;afterSymbol-2;freetext;1
4-shot;Ada;betweenSymbols-1;freetext;1
4-shot;Ada;betweenSymbols-2;freetext;1
4-shot;Ada;brackets-1;freetext;1
4-shot;Ada;brackets-2;freetext;1
4-shot;Ada;deletePunctuation-1;freetext;0
4-shot;Ada;deletePunctuation-2;freetext;0
4-shot;Ada;deletePunctuation-3;freetext;0
4-shot;Ada;deletePunctuation-4;freetext;0
4-shot;Ada;deleteSpaces-2;freetext;0
4-shot;Ada;digitToEnd-1;freetext;1
4-shot;Ada;firstCharacter-1;freetext;0
4-shot;Ada;firstCharacter-2;freetext;0.5
4-shot;Ada;getAfterComma-1;freetext;1
4-shot;Ada;getAfterComma-2;freetext;1
4-shot;Ada;getBetweenCommas-1;freetext;1
4-shot;Ada;getCaps-1;freetext;0.5
4-shot;Ada;getCaps-2;freetext;0.5
4-shot;Ada;getCaps-3;freetext;0
4-shot;Ada;toUpper-1;freetext;0
4-shot;Ada;toUpper-2;freetext;0
4-shot;Ada;addTitle-1;names;1
4-shot;Ada;addTitle-2;names;0.5
4-shot;Ada;getTitle-1;names;0
4-shot;Ada;getTitle-2;names;1
4-shot;Ada;login-1;names;0
4-shot;Ada;login-2;names;0
4-shot;Ada;reduceName-1;names;1
4-shot;Ada;reduceName-2;names;1
4-shot;Ada;reduceName-3;names;0.5
4-shot;Ada;reduceName-5;names;1
4-shot;Ada;reduceName-6;names;1
4-shot;Ada;reduceName-8;names;0
4-shot;Ada;reduceName-9;names;0
4-shot;Ada;countryPrefix-1;phones;0
4-shot;Ada;countryPrefix-2;phones;0
4-shot;Ada;countryPrefix-3;phones;0
4-shot;Ada;countryPrefix-7;phones;0
4-shot;Ada;countryPrefix-8;phones;1
4-shot;Ada;countryPrefix-9;phones;0.5
4-shot;Ada;deleteParentheses-1;phones;1
4-shot;Ada;deleteParentheses-2;phones;1
4-shot;Ada;getNumber-1;phones;1
4-shot;Ada;getNumber-2;phones;0.5
4-shot;Ada;setPrefix-1;phones;0
4-shot;Ada;setPrefix-2;phones;1
4-shot;Ada;setPrefix-3;phones;1
4-shot;Ada;setPrefix-4;phones;1
4-shot;Ada;setPrefix-5;phones;0
4-shot;Ada;setPrefix-6;phones;1
4-shot;Ada;setPunctuation-1;phones;0
4-shot;Ada;setPunctuation-2;phones;0.5
4-shot;Ada;addTime-1;times;0
4-shot;Ada;addTime-2;times;0
4-shot;Ada;appendTime-1;times;0.5
4-shot;Ada;appendTime-2;times;1
4-shot;Ada;appendTime-3;times;0.5
4-shot;Ada;appendTime-4;times;1
4-shot;Ada;convert-1;times;0.5
4-shot;Ada;convert-10;times;0
4-shot;Ada;convert-2;times;1
4-shot;Ada;convert-3;times;0
4-shot;Ada;convert-4;times;0.5
4-shot;Ada;convert-5;times;0
4-shot;Ada;convert-6;times;0
4-shot;Ada;convert-7;times;0
4-shot;Ada;convert-8;times;0
4-shot;Ada;convert-9;times;0
4-shot;Ada;deleteTime-1;times;0.5
4-shot;Ada;deleteTime-2;times;0
4-shot;Ada;getHour-1;times;0
4-shot;Ada;getHour-2;times;1
4-shot;Ada;getMinutes-1;times;0.5
4-shot;Ada;getMinutes-2;times;0
4-shot;Ada;getTime-1;times;1
4-shot;Ada;getTime-2;times;1
4-shot;Ada;convert-1;units;0
4-shot;Ada;convert-2;units;0
4-shot;Ada;convert-3;units;0
4-shot;Ada;convert-4;units;0
4-shot;Ada;getSystem-1;units;0
4-shot;Ada;getSystem-2;units;0
4-shot;Ada;getUnits-1;units;1
4-shot;Ada;getUnits-2;units;1
4-shot;Ada;getValue-1;units;0.5
4-shot;Ada;getValue-2;units;1
